priority	status	vendor	vendor_id	model_name	model_id	publishability	a_case_count	min_a_cases	target_a_cases	min_deficit	target_deficit	source_count	blocker	required_evidence	search_query_1	search_query_2	search_query_3	search_query_4	search_query_5	search_query_6	search_query_7	search_query_8
P0	below_min_case_coverage	Anthropic / Claude	anthropic	Claude 4.5 Sonnet	claude-4-5-sonnet	Limited	1	3	5	2	4	2	已有 1 条 A 类案例，但低于 3 条公开达标线。	补到至少 3 条 A 类案例：具体主体、任务、产物、原始证据 URL、artifact URL。 / 继续补齐到 5 条 A 类案例，优先覆盖不同平台和不同任务类型。 / 先确认模型名、发布日期、可用平台和是否为真实公开模型。 / A/B 证据必须保存快照，不能只保留 live URL。	Claude 4.5 Sonnet Anthropic / Claude case study customer	Claude 4.5 Sonnet Anthropic / Claude built with GitHub demo	Claude 4.5 Sonnet Anthropic / Claude production use product blog	Claude 4.5 Sonnet Anthropic / Claude model card docs API pricing context window	Claude 4.5 Sonnet Anthropic / Claude 真实使用 案例 项目 开源	Claude 4.5 Sonnet Anthropic / Claude GitHub README built with	Claude 4.5 Sonnet Anthropic / Claude B站 使用 案例 demo	Claude 4.5 Sonnet Anthropic / Claude 微信公众号 使用 案例 产品
P0	identity_first	Anthropic / Claude	anthropic	Claude Mythos 5	claude-mythos-5	Limited	0	3	5	3	5	3	模型身份、发布日期或公开可用性需要先冻结，不能直接补案例。	补到至少 3 条 A 类案例：具体主体、任务、产物、原始证据 URL、artifact URL。 / 继续补齐到 5 条 A 类案例，优先覆盖不同平台和不同任务类型。 / 先确认模型名、发布日期、可用平台和是否为真实公开模型。 / A/B 证据必须保存快照，不能只保留 live URL。	Claude Mythos 5 Anthropic / Claude case study customer	Claude Mythos 5 Anthropic / Claude built with GitHub demo	Claude Mythos 5 Anthropic / Claude production use product blog	Claude Mythos 5 Anthropic / Claude model card docs API pricing context window	Claude Mythos 5 Anthropic / Claude 真实使用 案例 项目 开源	Claude Mythos 5 Anthropic / Claude GitHub README built with	Claude Mythos 5 Anthropic / Claude B站 使用 案例 demo	Claude Mythos 5 Anthropic / Claude 微信公众号 使用 案例 产品
P0	top_up_to_target	ByteDance Seed	bytedance-seed	Seed2.1 Pro	seed2-1-pro	Publishable	3	3	5	0	2	3	已有 3 条 A 类案例，继续补到 5 条目标线。	继续补齐到 5 条 A 类案例，优先覆盖不同平台和不同任务类型。 / 先确认模型名、发布日期、可用平台和是否为真实公开模型。 / A/B 证据必须保存快照，不能只保留 live URL。	Seed2.1 Pro ByteDance Seed case study customer	Seed2.1 Pro ByteDance Seed built with GitHub demo	Seed2.1 Pro ByteDance Seed production use product blog	Seed2.1 Pro ByteDance Seed model card docs API pricing context window	Seed2.1 Pro ByteDance Seed 真实使用 案例 项目 开源	Seed2.1 Pro ByteDance Seed GitHub README built with	Seed2.1 Pro ByteDance Seed B站 使用 案例 demo	Seed2.1 Pro ByteDance Seed 微信公众号 使用 案例 产品
P0	identity_first	ByteDance Seed	bytedance-seed	Seed2.1 Turbo	seed2-1-turbo	Limited	0	3	5	3	5	3	模型身份、发布日期或公开可用性需要先冻结，不能直接补案例。	补到至少 3 条 A 类案例：具体主体、任务、产物、原始证据 URL、artifact URL。 / 继续补齐到 5 条 A 类案例，优先覆盖不同平台和不同任务类型。 / 先确认模型名、发布日期、可用平台和是否为真实公开模型。 / A/B 证据必须保存快照，不能只保留 live URL。	Seed2.1 Turbo ByteDance Seed case study customer	Seed2.1 Turbo ByteDance Seed built with GitHub demo	Seed2.1 Turbo ByteDance Seed production use product blog	Seed2.1 Turbo ByteDance Seed model card docs API pricing context window	Seed2.1 Turbo ByteDance Seed 真实使用 案例 项目 开源	Seed2.1 Turbo ByteDance Seed GitHub README built with	Seed2.1 Turbo ByteDance Seed B站 使用 案例 demo	Seed2.1 Turbo ByteDance Seed 微信公众号 使用 案例 产品
P0	identity_first	OpenAI	openai	GPT-5.1 (high)	gpt-5-1-high	Limited	0	3	5	3	5	2	模型身份、发布日期或公开可用性需要先冻结，不能直接补案例。	补到至少 3 条 A 类案例：具体主体、任务、产物、原始证据 URL、artifact URL。 / 继续补齐到 5 条 A 类案例，优先覆盖不同平台和不同任务类型。 / 先确认模型名、发布日期、可用平台和是否为真实公开模型。 / A/B 证据必须保存快照，不能只保留 live URL。	GPT-5.1 (high) OpenAI case study customer	GPT-5.1 (high) OpenAI built with GitHub demo	GPT-5.1 (high) OpenAI production use product blog	GPT-5.1 (high) OpenAI model card docs API pricing context window	GPT-5.1 (high) OpenAI 真实使用 案例 项目 开源	GPT-5.1 (high) OpenAI GitHub README built with	GPT-5.1 (high) OpenAI B站 使用 案例 demo	GPT-5.1 (high) OpenAI 微信公众号 使用 案例 产品
P0	identity_first	OpenAI	openai	GPT-5.2 (xhigh)	gpt-5-2-xhigh	Limited	0	3	5	3	5	2	模型身份、发布日期或公开可用性需要先冻结，不能直接补案例。	补到至少 3 条 A 类案例：具体主体、任务、产物、原始证据 URL、artifact URL。 / 继续补齐到 5 条 A 类案例，优先覆盖不同平台和不同任务类型。 / 先确认模型名、发布日期、可用平台和是否为真实公开模型。 / A/B 证据必须保存快照，不能只保留 live URL。	GPT-5.2 (xhigh) OpenAI case study customer	GPT-5.2 (xhigh) OpenAI built with GitHub demo	GPT-5.2 (xhigh) OpenAI production use product blog	GPT-5.2 (xhigh) OpenAI model card docs API pricing context window	GPT-5.2 (xhigh) OpenAI 真实使用 案例 项目 开源	GPT-5.2 (xhigh) OpenAI GitHub README built with	GPT-5.2 (xhigh) OpenAI B站 使用 案例 demo	GPT-5.2 (xhigh) OpenAI 微信公众号 使用 案例 产品
P0	identity_first	OpenAI	openai	GPT-5.3 Codex (xhigh)	gpt-5-3-codex-xhigh	Limited	0	3	5	3	5	2	模型身份、发布日期或公开可用性需要先冻结，不能直接补案例。	补到至少 3 条 A 类案例：具体主体、任务、产物、原始证据 URL、artifact URL。 / 继续补齐到 5 条 A 类案例，优先覆盖不同平台和不同任务类型。 / 先确认模型名、发布日期、可用平台和是否为真实公开模型。 / A/B 证据必须保存快照，不能只保留 live URL。	GPT-5.3 Codex (xhigh) OpenAI case study customer	GPT-5.3 Codex (xhigh) OpenAI built with GitHub demo	GPT-5.3 Codex (xhigh) OpenAI production use product blog	GPT-5.3 Codex (xhigh) OpenAI model card docs API pricing context window	GPT-5.3 Codex (xhigh) OpenAI 真实使用 案例 项目 开源	GPT-5.3 Codex (xhigh) OpenAI GitHub README built with	GPT-5.3 Codex (xhigh) OpenAI B站 使用 案例 demo	GPT-5.3 Codex (xhigh) OpenAI 微信公众号 使用 案例 产品
P0	identity_first	OpenAI	openai	GPT-5.4 (xhigh)	gpt-5-4-xhigh	Limited	0	3	5	3	5	2	模型身份、发布日期或公开可用性需要先冻结，不能直接补案例。	补到至少 3 条 A 类案例：具体主体、任务、产物、原始证据 URL、artifact URL。 / 继续补齐到 5 条 A 类案例，优先覆盖不同平台和不同任务类型。 / 先确认模型名、发布日期、可用平台和是否为真实公开模型。 / A/B 证据必须保存快照，不能只保留 live URL。	GPT-5.4 (xhigh) OpenAI case study customer	GPT-5.4 (xhigh) OpenAI built with GitHub demo	GPT-5.4 (xhigh) OpenAI production use product blog	GPT-5.4 (xhigh) OpenAI model card docs API pricing context window	GPT-5.4 (xhigh) OpenAI 真实使用 案例 项目 开源	GPT-5.4 (xhigh) OpenAI GitHub README built with	GPT-5.4 (xhigh) OpenAI B站 使用 案例 demo	GPT-5.4 (xhigh) OpenAI 微信公众号 使用 案例 产品
P0	identity_first	OpenAI	openai	GPT-5.5 (xhigh)	gpt-5-5-xhigh	Limited	0	3	5	3	5	2	模型身份、发布日期或公开可用性需要先冻结，不能直接补案例。	补到至少 3 条 A 类案例：具体主体、任务、产物、原始证据 URL、artifact URL。 / 继续补齐到 5 条 A 类案例，优先覆盖不同平台和不同任务类型。 / 先确认模型名、发布日期、可用平台和是否为真实公开模型。 / A/B 证据必须保存快照，不能只保留 live URL。	GPT-5.5 (xhigh) OpenAI case study customer	GPT-5.5 (xhigh) OpenAI built with GitHub demo	GPT-5.5 (xhigh) OpenAI production use product blog	GPT-5.5 (xhigh) OpenAI model card docs API pricing context window	GPT-5.5 (xhigh) OpenAI 真实使用 案例 项目 开源	GPT-5.5 (xhigh) OpenAI GitHub README built with	GPT-5.5 (xhigh) OpenAI B站 使用 案例 demo	GPT-5.5 (xhigh) OpenAI 微信公众号 使用 案例 产品
P0	identity_first	Qwen / Alibaba	qwen-alibaba	Qwen3.5 397B A17B	qwen3-5-397b-a17b	Limited	0	3	5	3	5	4	模型身份、发布日期或公开可用性需要先冻结，不能直接补案例。	补到至少 3 条 A 类案例：具体主体、任务、产物、原始证据 URL、artifact URL。 / 继续补齐到 5 条 A 类案例，优先覆盖不同平台和不同任务类型。 / 先确认模型名、发布日期、可用平台和是否为真实公开模型。 / A/B 证据必须保存快照，不能只保留 live URL。	Qwen3.5 397B A17B Qwen / Alibaba case study customer	Qwen3.5 397B A17B Qwen / Alibaba built with GitHub demo	Qwen3.5 397B A17B Qwen / Alibaba production use product blog	Qwen3.5 397B A17B Qwen / Alibaba model card docs API pricing context window	Qwen3.5 397B A17B Qwen / Alibaba 真实使用 案例 项目 开源	Qwen3.5 397B A17B Qwen / Alibaba GitHub README built with	Qwen3.5 397B A17B Qwen / Alibaba B站 使用 案例 demo	Qwen3.5 397B A17B Qwen / Alibaba 微信公众号 使用 案例 产品
P0	identity_first	Qwen / Alibaba	qwen-alibaba	Qwen3.6 Max Preview	qwen3-6-max-preview	Limited	0	3	5	3	5	4	模型身份、发布日期或公开可用性需要先冻结，不能直接补案例。	补到至少 3 条 A 类案例：具体主体、任务、产物、原始证据 URL、artifact URL。 / 继续补齐到 5 条 A 类案例，优先覆盖不同平台和不同任务类型。 / 先确认模型名、发布日期、可用平台和是否为真实公开模型。 / A/B 证据必须保存快照，不能只保留 live URL。	Qwen3.6 Max Preview Qwen / Alibaba case study customer	Qwen3.6 Max Preview Qwen / Alibaba built with GitHub demo	Qwen3.6 Max Preview Qwen / Alibaba production use product blog	Qwen3.6 Max Preview Qwen / Alibaba model card docs API pricing context window	Qwen3.6 Max Preview Qwen / Alibaba 真实使用 案例 项目 开源	Qwen3.6 Max Preview Qwen / Alibaba GitHub README built with	Qwen3.6 Max Preview Qwen / Alibaba B站 使用 案例 demo	Qwen3.6 Max Preview Qwen / Alibaba 微信公众号 使用 案例 产品
P0	identity_first	Qwen / Alibaba	qwen-alibaba	Qwen3.6 Plus	qwen3-6-plus	Limited	0	3	5	3	5	4	模型身份、发布日期或公开可用性需要先冻结，不能直接补案例。	补到至少 3 条 A 类案例：具体主体、任务、产物、原始证据 URL、artifact URL。 / 继续补齐到 5 条 A 类案例，优先覆盖不同平台和不同任务类型。 / 先确认模型名、发布日期、可用平台和是否为真实公开模型。 / A/B 证据必须保存快照，不能只保留 live URL。	Qwen3.6 Plus Qwen / Alibaba case study customer	Qwen3.6 Plus Qwen / Alibaba built with GitHub demo	Qwen3.6 Plus Qwen / Alibaba production use product blog	Qwen3.6 Plus Qwen / Alibaba model card docs API pricing context window	Qwen3.6 Plus Qwen / Alibaba 真实使用 案例 项目 开源	Qwen3.6 Plus Qwen / Alibaba GitHub README built with	Qwen3.6 Plus Qwen / Alibaba B站 使用 案例 demo	Qwen3.6 Plus Qwen / Alibaba 微信公众号 使用 案例 产品
P0	identity_first	Qwen / Alibaba	qwen-alibaba	Qwen3.7 Max	qwen3-7-max	Limited	0	3	5	3	5	4	模型身份、发布日期或公开可用性需要先冻结，不能直接补案例。	补到至少 3 条 A 类案例：具体主体、任务、产物、原始证据 URL、artifact URL。 / 继续补齐到 5 条 A 类案例，优先覆盖不同平台和不同任务类型。 / 先确认模型名、发布日期、可用平台和是否为真实公开模型。 / A/B 证据必须保存快照，不能只保留 live URL。	Qwen3.7 Max Qwen / Alibaba case study customer	Qwen3.7 Max Qwen / Alibaba built with GitHub demo	Qwen3.7 Max Qwen / Alibaba production use product blog	Qwen3.7 Max Qwen / Alibaba model card docs API pricing context window	Qwen3.7 Max Qwen / Alibaba 真实使用 案例 项目 开源	Qwen3.7 Max Qwen / Alibaba GitHub README built with	Qwen3.7 Max Qwen / Alibaba B站 使用 案例 demo	Qwen3.7 Max Qwen / Alibaba 微信公众号 使用 案例 产品
P0	identity_first	xAI / Grok	xai	Grok 4.20 0309	grok-4-20-0309	Limited	0	3	5	3	5	2	模型身份、发布日期或公开可用性需要先冻结，不能直接补案例。	补到至少 3 条 A 类案例：具体主体、任务、产物、原始证据 URL、artifact URL。 / 继续补齐到 5 条 A 类案例，优先覆盖不同平台和不同任务类型。 / 先确认模型名、发布日期、可用平台和是否为真实公开模型。 / A/B 证据必须保存快照，不能只保留 live URL。	Grok 4.20 0309 xAI / Grok case study customer	Grok 4.20 0309 xAI / Grok built with GitHub demo	Grok 4.20 0309 xAI / Grok production use product blog	Grok 4.20 0309 xAI / Grok model card docs API pricing context window	Grok 4.20 0309 xAI / Grok 真实使用 案例 项目 开源	Grok 4.20 0309 xAI / Grok GitHub README built with	Grok 4.20 0309 xAI / Grok B站 使用 案例 demo	Grok 4.20 0309 xAI / Grok 微信公众号 使用 案例 产品
P0	identity_first	xAI / Grok	xai	Grok 4.20 0309 v2	grok-4-20-0309-v2	Limited	0	3	5	3	5	2	模型身份、发布日期或公开可用性需要先冻结，不能直接补案例。	补到至少 3 条 A 类案例：具体主体、任务、产物、原始证据 URL、artifact URL。 / 继续补齐到 5 条 A 类案例，优先覆盖不同平台和不同任务类型。 / 先确认模型名、发布日期、可用平台和是否为真实公开模型。 / A/B 证据必须保存快照，不能只保留 live URL。	Grok 4.20 0309 v2 xAI / Grok case study customer	Grok 4.20 0309 v2 xAI / Grok built with GitHub demo	Grok 4.20 0309 v2 xAI / Grok production use product blog	Grok 4.20 0309 v2 xAI / Grok model card docs API pricing context window	Grok 4.20 0309 v2 xAI / Grok 真实使用 案例 项目 开源	Grok 4.20 0309 v2 xAI / Grok GitHub README built with	Grok 4.20 0309 v2 xAI / Grok B站 使用 案例 demo	Grok 4.20 0309 v2 xAI / Grok 微信公众号 使用 案例 产品
P0	identity_first	xAI / Grok	xai	Grok 4.3 (high)	grok-4-3-high	Limited	0	3	5	3	5	2	模型身份、发布日期或公开可用性需要先冻结，不能直接补案例。	补到至少 3 条 A 类案例：具体主体、任务、产物、原始证据 URL、artifact URL。 / 继续补齐到 5 条 A 类案例，优先覆盖不同平台和不同任务类型。 / 先确认模型名、发布日期、可用平台和是否为真实公开模型。 / A/B 证据必须保存快照，不能只保留 live URL。	Grok 4.3 (high) xAI / Grok case study customer	Grok 4.3 (high) xAI / Grok built with GitHub demo	Grok 4.3 (high) xAI / Grok production use product blog	Grok 4.3 (high) xAI / Grok model card docs API pricing context window	Grok 4.3 (high) xAI / Grok 真实使用 案例 项目 开源	Grok 4.3 (high) xAI / Grok GitHub README built with	Grok 4.3 (high) xAI / Grok B站 使用 案例 demo	Grok 4.3 (high) xAI / Grok 微信公众号 使用 案例 产品
P0	identity_first	Z AI / GLM	z-ai	GLM-5	glm-5	Limited	0	3	5	3	5	2	模型身份、发布日期或公开可用性需要先冻结，不能直接补案例。	补到至少 3 条 A 类案例：具体主体、任务、产物、原始证据 URL、artifact URL。 / 继续补齐到 5 条 A 类案例，优先覆盖不同平台和不同任务类型。 / 先确认模型名、发布日期、可用平台和是否为真实公开模型。 / A/B 证据必须保存快照，不能只保留 live URL。	GLM-5 Z AI / GLM case study customer	GLM-5 Z AI / GLM built with GitHub demo	GLM-5 Z AI / GLM production use product blog	GLM-5 Z AI / GLM model card docs API pricing context window	GLM-5 Z AI / GLM 真实使用 案例 项目 开源	GLM-5 Z AI / GLM GitHub README built with	GLM-5 Z AI / GLM B站 使用 案例 demo	GLM-5 Z AI / GLM 微信公众号 使用 案例 产品
P0	identity_first	Z AI / GLM	z-ai	GLM-5.1	glm-5-1	Limited	0	3	5	3	5	2	模型身份、发布日期或公开可用性需要先冻结，不能直接补案例。	补到至少 3 条 A 类案例：具体主体、任务、产物、原始证据 URL、artifact URL。 / 继续补齐到 5 条 A 类案例，优先覆盖不同平台和不同任务类型。 / 先确认模型名、发布日期、可用平台和是否为真实公开模型。 / A/B 证据必须保存快照，不能只保留 live URL。	GLM-5.1 Z AI / GLM case study customer	GLM-5.1 Z AI / GLM built with GitHub demo	GLM-5.1 Z AI / GLM production use product blog	GLM-5.1 Z AI / GLM model card docs API pricing context window	GLM-5.1 Z AI / GLM 真实使用 案例 项目 开源	GLM-5.1 Z AI / GLM GitHub README built with	GLM-5.1 Z AI / GLM B站 使用 案例 demo	GLM-5.1 Z AI / GLM 微信公众号 使用 案例 产品
P1	top_up_to_target	Anthropic / Claude	anthropic	Claude 2.0	claude-2-0	Publishable	4	3	5	0	1	3	已有 4 条 A 类案例，继续补到 5 条目标线。	继续补齐到 5 条 A 类案例，优先覆盖不同平台和不同任务类型。 / A/B 证据必须保存快照，不能只保留 live URL。	Claude 2.0 Anthropic / Claude case study customer	Claude 2.0 Anthropic / Claude built with GitHub demo	Claude 2.0 Anthropic / Claude production use product blog	Claude 2.0 Anthropic / Claude model card docs API pricing context window	Claude 2.0 Anthropic / Claude 真实使用 案例 项目 开源	Claude 2.0 Anthropic / Claude GitHub README built with	Claude 2.0 Anthropic / Claude B站 使用 案例 demo	Claude 2.0 Anthropic / Claude 微信公众号 使用 案例 产品
P1	top_up_to_target	ByteDance Seed	bytedance-seed	Seed-2.1-Pro-Preview	seed-2-1-pro-preview	Publishable	4	3	5	0	1	3	已有 4 条 A 类案例，继续补到 5 条目标线。	继续补齐到 5 条 A 类案例，优先覆盖不同平台和不同任务类型。 / 确认是否应并入家族模型页，而不是单独追独立案例。 / A/B 证据必须保存快照，不能只保留 live URL。	Seed-2.1-Pro-Preview ByteDance Seed case study customer	Seed-2.1-Pro-Preview ByteDance Seed built with GitHub demo	Seed-2.1-Pro-Preview ByteDance Seed production use product blog	Seed-2.1-Pro-Preview ByteDance Seed model card docs API pricing context window	Seed-2.1-Pro-Preview ByteDance Seed 真实使用 案例 项目 开源	Seed-2.1-Pro-Preview ByteDance Seed GitHub README built with	Seed-2.1-Pro-Preview ByteDance Seed B站 使用 案例 demo	Seed-2.1-Pro-Preview ByteDance Seed 微信公众号 使用 案例 产品
P1	top_up_to_target	DeepSeek	deepseek	DeepSeek R1 0528	deepseek-r1-0528	Publishable	3	3	5	0	2	3	已有 3 条 A 类案例，继续补到 5 条目标线。	继续补齐到 5 条 A 类案例，优先覆盖不同平台和不同任务类型。 / 确认是否应并入家族模型页，而不是单独追独立案例。 / A/B 证据必须保存快照，不能只保留 live URL。	DeepSeek R1 0528 DeepSeek case study customer	DeepSeek R1 0528 DeepSeek built with GitHub demo	DeepSeek R1 0528 DeepSeek production use product blog	DeepSeek R1 0528 DeepSeek model card docs API pricing context window	DeepSeek R1 0528 DeepSeek 真实使用 案例 项目 开源	DeepSeek R1 0528 DeepSeek GitHub README built with	DeepSeek R1 0528 DeepSeek B站 使用 案例 demo	DeepSeek R1 0528 DeepSeek 微信公众号 使用 案例 产品
P1	top_up_to_target	DeepSeek	deepseek	DeepSeek V3.1 Terminus	deepseek-v3-1-terminus	Publishable	3	3	5	0	2	3	已有 3 条 A 类案例，继续补到 5 条目标线。	继续补齐到 5 条 A 类案例，优先覆盖不同平台和不同任务类型。 / A/B 证据必须保存快照，不能只保留 live URL。	DeepSeek V3.1 Terminus DeepSeek case study customer	DeepSeek V3.1 Terminus DeepSeek built with GitHub demo	DeepSeek V3.1 Terminus DeepSeek production use product blog	DeepSeek V3.1 Terminus DeepSeek model card docs API pricing context window	DeepSeek V3.1 Terminus DeepSeek 真实使用 案例 项目 开源	DeepSeek V3.1 Terminus DeepSeek GitHub README built with	DeepSeek V3.1 Terminus DeepSeek B站 使用 案例 demo	DeepSeek V3.1 Terminus DeepSeek 微信公众号 使用 案例 产品
P1	top_up_to_target	DeepSeek	deepseek	DeepSeek-Coder-V2	deepseek-coder-v2	Publishable	4	3	5	0	1	3	已有 4 条 A 类案例，继续补到 5 条目标线。	继续补齐到 5 条 A 类案例，优先覆盖不同平台和不同任务类型。 / A/B 证据必须保存快照，不能只保留 live URL。	DeepSeek-Coder-V2 DeepSeek case study customer	DeepSeek-Coder-V2 DeepSeek built with GitHub demo	DeepSeek-Coder-V2 DeepSeek production use product blog	DeepSeek-Coder-V2 DeepSeek model card docs API pricing context window	DeepSeek-Coder-V2 DeepSeek 真实使用 案例 项目 开源	DeepSeek-Coder-V2 DeepSeek GitHub README built with	DeepSeek-Coder-V2 DeepSeek B站 使用 案例 demo	DeepSeek-Coder-V2 DeepSeek 微信公众号 使用 案例 产品
P1	top_up_to_target	DeepSeek	deepseek	DeepSeek-V2.5	deepseek-v2-5	Publishable	3	3	5	0	2	3	已有 3 条 A 类案例，继续补到 5 条目标线。	继续补齐到 5 条 A 类案例，优先覆盖不同平台和不同任务类型。 / A/B 证据必须保存快照，不能只保留 live URL。	DeepSeek-V2.5 DeepSeek case study customer	DeepSeek-V2.5 DeepSeek built with GitHub demo	DeepSeek-V2.5 DeepSeek production use product blog	DeepSeek-V2.5 DeepSeek model card docs API pricing context window	DeepSeek-V2.5 DeepSeek 真实使用 案例 项目 开源	DeepSeek-V2.5 DeepSeek GitHub README built with	DeepSeek-V2.5 DeepSeek B站 使用 案例 demo	DeepSeek-V2.5 DeepSeek 微信公众号 使用 案例 产品
P1	top_up_to_target	Google / Gemini	google	Gemini 1.0 Ultra	gemini-1-0-ultra	Publishable	3	3	5	0	2	3	已有 3 条 A 类案例，继续补到 5 条目标线。	继续补齐到 5 条 A 类案例，优先覆盖不同平台和不同任务类型。 / A/B 证据必须保存快照，不能只保留 live URL。	Gemini 1.0 Ultra Google / Gemini case study customer	Gemini 1.0 Ultra Google / Gemini built with GitHub demo	Gemini 1.0 Ultra Google / Gemini production use product blog	Gemini 1.0 Ultra Google / Gemini model card docs API pricing context window	Gemini 1.0 Ultra Google / Gemini 真实使用 案例 项目 开源	Gemini 1.0 Ultra Google / Gemini GitHub README built with	Gemini 1.0 Ultra Google / Gemini B站 使用 案例 demo	Gemini 1.0 Ultra Google / Gemini 微信公众号 使用 案例 产品
P1	top_up_to_target	Google / Gemini	google	Gemini 2.5 Pro	gemini-2-5-pro	Publishable	4	3	5	0	1	2	已有 4 条 A 类案例，继续补到 5 条目标线。	继续补齐到 5 条 A 类案例，优先覆盖不同平台和不同任务类型。 / A/B 证据必须保存快照，不能只保留 live URL。	Gemini 2.5 Pro Google / Gemini case study customer	Gemini 2.5 Pro Google / Gemini built with GitHub demo	Gemini 2.5 Pro Google / Gemini production use product blog	Gemini 2.5 Pro Google / Gemini model card docs API pricing context window	Gemini 2.5 Pro Google / Gemini 真实使用 案例 项目 开源	Gemini 2.5 Pro Google / Gemini GitHub README built with	Gemini 2.5 Pro Google / Gemini B站 使用 案例 demo	Gemini 2.5 Pro Google / Gemini 微信公众号 使用 案例 产品
P1	top_up_to_target	Google / Gemini	google	PALM-2	palm-2	Publishable	3	3	5	0	2	3	已有 3 条 A 类案例，继续补到 5 条目标线。	继续补齐到 5 条 A 类案例，优先覆盖不同平台和不同任务类型。 / A/B 证据必须保存快照，不能只保留 live URL。	PALM-2 Google / Gemini case study customer	PALM-2 Google / Gemini built with GitHub demo	PALM-2 Google / Gemini production use product blog	PALM-2 Google / Gemini model card docs API pricing context window	PALM-2 Google / Gemini 真实使用 案例 项目 开源	PALM-2 Google / Gemini GitHub README built with	PALM-2 Google / Gemini B站 使用 案例 demo	PALM-2 Google / Gemini 微信公众号 使用 案例 产品
P1	top_up_to_target	Meta / Llama	meta	Llama 65B	llama-65b	Publishable	4	3	5	0	1	3	已有 4 条 A 类案例，继续补到 5 条目标线。	继续补齐到 5 条 A 类案例，优先覆盖不同平台和不同任务类型。 / A/B 证据必须保存快照，不能只保留 live URL。	Llama 65B Meta / Llama case study customer	Llama 65B Meta / Llama built with GitHub demo	Llama 65B Meta / Llama production use product blog	Llama 65B Meta / Llama model card docs API pricing context window	Llama 65B Meta / Llama 真实使用 案例 项目 开源	Llama 65B Meta / Llama GitHub README built with	Llama 65B Meta / Llama B站 使用 案例 demo	Llama 65B Meta / Llama 微信公众号 使用 案例 产品
P1	top_up_to_target	MiniMax	minimax	MiniMax M1 80k	minimax-m1-80k	Publishable	3	3	5	0	2	2	已有 3 条 A 类案例，继续补到 5 条目标线。	继续补齐到 5 条 A 类案例，优先覆盖不同平台和不同任务类型。 / A/B 证据必须保存快照，不能只保留 live URL。	MiniMax M1 80k MiniMax case study customer	MiniMax M1 80k MiniMax built with GitHub demo	MiniMax M1 80k MiniMax production use product blog	MiniMax M1 80k MiniMax model card docs API pricing context window	MiniMax M1 80k MiniMax 真实使用 案例 项目 开源	MiniMax M1 80k MiniMax GitHub README built with	MiniMax M1 80k MiniMax B站 使用 案例 demo	MiniMax M1 80k MiniMax 微信公众号 使用 案例 产品
P1	top_up_to_target	OpenAI	openai	o1-preview	o1-preview	Publishable	3	3	5	0	2	3	已有 3 条 A 类案例，继续补到 5 条目标线。	继续补齐到 5 条 A 类案例，优先覆盖不同平台和不同任务类型。 / 确认是否应并入家族模型页，而不是单独追独立案例。 / A/B 证据必须保存快照，不能只保留 live URL。	o1-preview OpenAI case study customer	o1-preview OpenAI built with GitHub demo	o1-preview OpenAI production use product blog	o1-preview OpenAI model card docs API pricing context window	o1-preview OpenAI 真实使用 案例 项目 开源	o1-preview OpenAI GitHub README built with	o1-preview OpenAI B站 使用 案例 demo	o1-preview OpenAI 微信公众号 使用 案例 产品
P1	top_up_to_target	OpenAI	openai	o3	o3	Publishable	4	3	5	0	1	3	已有 4 条 A 类案例，继续补到 5 条目标线。	继续补齐到 5 条 A 类案例，优先覆盖不同平台和不同任务类型。 / A/B 证据必须保存快照，不能只保留 live URL。	o3 OpenAI case study customer	o3 OpenAI built with GitHub demo	o3 OpenAI production use product blog	o3 OpenAI model card docs API pricing context window	o3 OpenAI 真实使用 案例 项目 开源	o3 OpenAI GitHub README built with	o3 OpenAI B站 使用 案例 demo	o3 OpenAI 微信公众号 使用 案例 产品
P1	top_up_to_target	Qwen / Alibaba	qwen-alibaba	Qwen2.5 72B	qwen2-5-72b	Publishable	3	3	5	0	2	5	已有 3 条 A 类案例，继续补到 5 条目标线。	继续补齐到 5 条 A 类案例，优先覆盖不同平台和不同任务类型。 / A/B 证据必须保存快照，不能只保留 live URL。	Qwen2.5 72B Qwen / Alibaba case study customer	Qwen2.5 72B Qwen / Alibaba built with GitHub demo	Qwen2.5 72B Qwen / Alibaba production use product blog	Qwen2.5 72B Qwen / Alibaba model card docs API pricing context window	Qwen2.5 72B Qwen / Alibaba 真实使用 案例 项目 开源	Qwen2.5 72B Qwen / Alibaba GitHub README built with	Qwen2.5 72B Qwen / Alibaba B站 使用 案例 demo	Qwen2.5 72B Qwen / Alibaba 微信公众号 使用 案例 产品
P1	top_up_to_target	Qwen / Alibaba	qwen-alibaba	Qwen2.5 Max	qwen2-5-max	Publishable	4	3	5	0	1	4	已有 4 条 A 类案例，继续补到 5 条目标线。	继续补齐到 5 条 A 类案例，优先覆盖不同平台和不同任务类型。 / 确认是否应并入家族模型页，而不是单独追独立案例。 / A/B 证据必须保存快照，不能只保留 live URL。	Qwen2.5 Max Qwen / Alibaba case study customer	Qwen2.5 Max Qwen / Alibaba built with GitHub demo	Qwen2.5 Max Qwen / Alibaba production use product blog	Qwen2.5 Max Qwen / Alibaba model card docs API pricing context window	Qwen2.5 Max Qwen / Alibaba 真实使用 案例 项目 开源	Qwen2.5 Max Qwen / Alibaba GitHub README built with	Qwen2.5 Max Qwen / Alibaba B站 使用 案例 demo	Qwen2.5 Max Qwen / Alibaba 微信公众号 使用 案例 产品
P1	top_up_to_target	Qwen / Alibaba	qwen-alibaba	Qwen3 235B	qwen3-235b	Publishable	3	3	5	0	2	5	已有 3 条 A 类案例，继续补到 5 条目标线。	继续补齐到 5 条 A 类案例，优先覆盖不同平台和不同任务类型。 / A/B 证据必须保存快照，不能只保留 live URL。	Qwen3 235B Qwen / Alibaba case study customer	Qwen3 235B Qwen / Alibaba built with GitHub demo	Qwen3 235B Qwen / Alibaba production use product blog	Qwen3 235B Qwen / Alibaba model card docs API pricing context window	Qwen3 235B Qwen / Alibaba 真实使用 案例 项目 开源	Qwen3 235B Qwen / Alibaba GitHub README built with	Qwen3 235B Qwen / Alibaba B站 使用 案例 demo	Qwen3 235B Qwen / Alibaba 微信公众号 使用 案例 产品
P1	top_up_to_target	Qwen / Alibaba	qwen-alibaba	Qwen3 Max Thinking	qwen3-max-thinking	Publishable	4	3	5	0	1	4	已有 4 条 A 类案例，继续补到 5 条目标线。	继续补齐到 5 条 A 类案例，优先覆盖不同平台和不同任务类型。 / 确认是否应并入家族模型页，而不是单独追独立案例。 / A/B 证据必须保存快照，不能只保留 live URL。	Qwen3 Max Thinking Qwen / Alibaba case study customer	Qwen3 Max Thinking Qwen / Alibaba built with GitHub demo	Qwen3 Max Thinking Qwen / Alibaba production use product blog	Qwen3 Max Thinking Qwen / Alibaba model card docs API pricing context window	Qwen3 Max Thinking Qwen / Alibaba 真实使用 案例 项目 开源	Qwen3 Max Thinking Qwen / Alibaba GitHub README built with	Qwen3 Max Thinking Qwen / Alibaba B站 使用 案例 demo	Qwen3 Max Thinking Qwen / Alibaba 微信公众号 使用 案例 产品
P1	top_up_to_target	Qwen / Alibaba	qwen-alibaba	Qwen3 Max Thinking (Preview)	qwen3-max-thinking-preview	Publishable	4	3	5	0	1	4	已有 4 条 A 类案例，继续补到 5 条目标线。	继续补齐到 5 条 A 类案例，优先覆盖不同平台和不同任务类型。 / 确认是否应并入家族模型页，而不是单独追独立案例。 / A/B 证据必须保存快照，不能只保留 live URL。	Qwen3 Max Thinking (Preview) Qwen / Alibaba case study customer	Qwen3 Max Thinking (Preview) Qwen / Alibaba built with GitHub demo	Qwen3 Max Thinking (Preview) Qwen / Alibaba production use product blog	Qwen3 Max Thinking (Preview) Qwen / Alibaba model card docs API pricing context window	Qwen3 Max Thinking (Preview) Qwen / Alibaba 真实使用 案例 项目 开源	Qwen3 Max Thinking (Preview) Qwen / Alibaba GitHub README built with	Qwen3 Max Thinking (Preview) Qwen / Alibaba B站 使用 案例 demo	Qwen3 Max Thinking (Preview) Qwen / Alibaba 微信公众号 使用 案例 产品
P1	top_up_to_target	Upstage / Solar	upstage	Solar Pro 2	solar-pro-2	Publishable	3	3	5	0	2	1	已有 3 条 A 类案例，继续补到 5 条目标线。	继续补齐到 5 条 A 类案例，优先覆盖不同平台和不同任务类型。 / A/B 证据必须保存快照，不能只保留 live URL。	Solar Pro 2 Upstage / Solar case study customer	Solar Pro 2 Upstage / Solar built with GitHub demo	Solar Pro 2 Upstage / Solar production use product blog	Solar Pro 2 Upstage / Solar model card docs API pricing context window	Solar Pro 2 Upstage / Solar 真实使用 案例 项目 开源	Solar Pro 2 Upstage / Solar GitHub README built with	Solar Pro 2 Upstage / Solar B站 使用 案例 demo	Solar Pro 2 Upstage / Solar 微信公众号 使用 案例 产品
P2	target_met_snapshot_refresh	Anthropic / Claude	anthropic	Claude 2.1	claude-2-1	Publishable	5	3	5	0	0	3	已达到 5 条目标线，下一步是补快照和 URL 健康检查。	A/B 证据必须保存快照，不能只保留 live URL。	Claude 2.1 Anthropic / Claude case study customer	Claude 2.1 Anthropic / Claude built with GitHub demo	Claude 2.1 Anthropic / Claude production use product blog	Claude 2.1 Anthropic / Claude model card docs API pricing context window	Claude 2.1 Anthropic / Claude 真实使用 案例 项目 开源	Claude 2.1 Anthropic / Claude GitHub README built with	Claude 2.1 Anthropic / Claude B站 使用 案例 demo	Claude 2.1 Anthropic / Claude 微信公众号 使用 案例 产品
P2	target_met_snapshot_refresh	Anthropic / Claude	anthropic	Claude 3 Haiku	claude-3-haiku	Publishable	5	3	5	0	0	3	已达到 5 条目标线，下一步是补快照和 URL 健康检查。	A/B 证据必须保存快照，不能只保留 live URL。	Claude 3 Haiku Anthropic / Claude case study customer	Claude 3 Haiku Anthropic / Claude built with GitHub demo	Claude 3 Haiku Anthropic / Claude production use product blog	Claude 3 Haiku Anthropic / Claude model card docs API pricing context window	Claude 3 Haiku Anthropic / Claude 真实使用 案例 项目 开源	Claude 3 Haiku Anthropic / Claude GitHub README built with	Claude 3 Haiku Anthropic / Claude B站 使用 案例 demo	Claude 3 Haiku Anthropic / Claude 微信公众号 使用 案例 产品
P2	target_met_snapshot_refresh	Anthropic / Claude	anthropic	Claude 3 Opus	claude-3-opus	Publishable	6	3	5	0	0	3	已达到 5 条目标线，下一步是补快照和 URL 健康检查。	A/B 证据必须保存快照，不能只保留 live URL。	Claude 3 Opus Anthropic / Claude case study customer	Claude 3 Opus Anthropic / Claude built with GitHub demo	Claude 3 Opus Anthropic / Claude production use product blog	Claude 3 Opus Anthropic / Claude model card docs API pricing context window	Claude 3 Opus Anthropic / Claude 真实使用 案例 项目 开源	Claude 3 Opus Anthropic / Claude GitHub README built with	Claude 3 Opus Anthropic / Claude B站 使用 案例 demo	Claude 3 Opus Anthropic / Claude 微信公众号 使用 案例 产品
P2	target_met_snapshot_refresh	Anthropic / Claude	anthropic	Claude 3.5 Haiku	claude-3-5-haiku	Publishable	5	3	5	0	0	3	已达到 5 条目标线，下一步是补快照和 URL 健康检查。	A/B 证据必须保存快照，不能只保留 live URL。	Claude 3.5 Haiku Anthropic / Claude case study customer	Claude 3.5 Haiku Anthropic / Claude built with GitHub demo	Claude 3.5 Haiku Anthropic / Claude production use product blog	Claude 3.5 Haiku Anthropic / Claude model card docs API pricing context window	Claude 3.5 Haiku Anthropic / Claude 真实使用 案例 项目 开源	Claude 3.5 Haiku Anthropic / Claude GitHub README built with	Claude 3.5 Haiku Anthropic / Claude B站 使用 案例 demo	Claude 3.5 Haiku Anthropic / Claude 微信公众号 使用 案例 产品
P2	target_met_snapshot_refresh	Anthropic / Claude	anthropic	Claude 3.5 Sonnet	claude-3-5-sonnet	Publishable	5	3	5	0	0	3	已达到 5 条目标线，下一步是补快照和 URL 健康检查。	A/B 证据必须保存快照，不能只保留 live URL。	Claude 3.5 Sonnet Anthropic / Claude case study customer	Claude 3.5 Sonnet Anthropic / Claude built with GitHub demo	Claude 3.5 Sonnet Anthropic / Claude production use product blog	Claude 3.5 Sonnet Anthropic / Claude model card docs API pricing context window	Claude 3.5 Sonnet Anthropic / Claude 真实使用 案例 项目 开源	Claude 3.5 Sonnet Anthropic / Claude GitHub README built with	Claude 3.5 Sonnet Anthropic / Claude B站 使用 案例 demo	Claude 3.5 Sonnet Anthropic / Claude 微信公众号 使用 案例 产品
P2	target_met_snapshot_refresh	Anthropic / Claude	anthropic	Claude 3.7 Sonnet	claude-3-7-sonnet	Publishable	5	3	5	0	0	3	已达到 5 条目标线，下一步是补快照和 URL 健康检查。	A/B 证据必须保存快照，不能只保留 live URL。	Claude 3.7 Sonnet Anthropic / Claude case study customer	Claude 3.7 Sonnet Anthropic / Claude built with GitHub demo	Claude 3.7 Sonnet Anthropic / Claude production use product blog	Claude 3.7 Sonnet Anthropic / Claude model card docs API pricing context window	Claude 3.7 Sonnet Anthropic / Claude 真实使用 案例 项目 开源	Claude 3.7 Sonnet Anthropic / Claude GitHub README built with	Claude 3.7 Sonnet Anthropic / Claude B站 使用 案例 demo	Claude 3.7 Sonnet Anthropic / Claude 微信公众号 使用 案例 产品
P2	target_met_snapshot_refresh	Anthropic / Claude	anthropic	Claude 4 Opus	claude-4-opus	Publishable	5	3	5	0	0	3	已达到 5 条目标线，下一步是补快照和 URL 健康检查。	先确认模型名、发布日期、可用平台和是否为真实公开模型。 / A/B 证据必须保存快照，不能只保留 live URL。	Claude 4 Opus Anthropic / Claude case study customer	Claude 4 Opus Anthropic / Claude built with GitHub demo	Claude 4 Opus Anthropic / Claude production use product blog	Claude 4 Opus Anthropic / Claude model card docs API pricing context window	Claude 4 Opus Anthropic / Claude 真实使用 案例 项目 开源	Claude 4 Opus Anthropic / Claude GitHub README built with	Claude 4 Opus Anthropic / Claude B站 使用 案例 demo	Claude 4 Opus Anthropic / Claude 微信公众号 使用 案例 产品
P2	target_met_snapshot_refresh	Anthropic / Claude	anthropic	Claude 4.1 Opus	claude-4-1-opus	Publishable	5	3	5	0	0	2	已达到 5 条目标线，下一步是补快照和 URL 健康检查。	先确认模型名、发布日期、可用平台和是否为真实公开模型。 / A/B 证据必须保存快照，不能只保留 live URL。	Claude 4.1 Opus Anthropic / Claude case study customer	Claude 4.1 Opus Anthropic / Claude built with GitHub demo	Claude 4.1 Opus Anthropic / Claude production use product blog	Claude 4.1 Opus Anthropic / Claude model card docs API pricing context window	Claude 4.1 Opus Anthropic / Claude 真实使用 案例 项目 开源	Claude 4.1 Opus Anthropic / Claude GitHub README built with	Claude 4.1 Opus Anthropic / Claude B站 使用 案例 demo	Claude 4.1 Opus Anthropic / Claude 微信公众号 使用 案例 产品
P2	target_met_snapshot_refresh	Anthropic / Claude	anthropic	Claude Fable 5	claude-fable-5	Publishable	8	3	5	0	0	3	已达到 5 条目标线，下一步是补快照和 URL 健康检查。	A/B 证据必须保存快照，不能只保留 live URL。	Claude Fable 5 Anthropic / Claude case study customer	Claude Fable 5 Anthropic / Claude built with GitHub demo	Claude Fable 5 Anthropic / Claude production use product blog	Claude Fable 5 Anthropic / Claude model card docs API pricing context window	Claude Fable 5 Anthropic / Claude 真实使用 案例 项目 开源	Claude Fable 5 Anthropic / Claude GitHub README built with	Claude Fable 5 Anthropic / Claude B站 使用 案例 demo	Claude Fable 5 Anthropic / Claude 微信公众号 使用 案例 产品
P2	target_met_snapshot_refresh	Anthropic / Claude	anthropic	Claude Instant	claude-instant	Publishable	5	3	5	0	0	2	已达到 5 条目标线，下一步是补快照和 URL 健康检查。	A/B 证据必须保存快照，不能只保留 live URL。	Claude Instant Anthropic / Claude case study customer	Claude Instant Anthropic / Claude built with GitHub demo	Claude Instant Anthropic / Claude production use product blog	Claude Instant Anthropic / Claude model card docs API pricing context window	Claude Instant Anthropic / Claude 真实使用 案例 项目 开源	Claude Instant Anthropic / Claude GitHub README built with	Claude Instant Anthropic / Claude B站 使用 案例 demo	Claude Instant Anthropic / Claude 微信公众号 使用 案例 产品
P2	target_met_snapshot_refresh	Anthropic / Claude	anthropic	Claude Opus 4.5	claude-opus-4-5	Publishable	5	3	5	0	0	2	已达到 5 条目标线，下一步是补快照和 URL 健康检查。	先确认模型名、发布日期、可用平台和是否为真实公开模型。 / A/B 证据必须保存快照，不能只保留 live URL。	Claude Opus 4.5 Anthropic / Claude case study customer	Claude Opus 4.5 Anthropic / Claude built with GitHub demo	Claude Opus 4.5 Anthropic / Claude production use product blog	Claude Opus 4.5 Anthropic / Claude model card docs API pricing context window	Claude Opus 4.5 Anthropic / Claude 真实使用 案例 项目 开源	Claude Opus 4.5 Anthropic / Claude GitHub README built with	Claude Opus 4.5 Anthropic / Claude B站 使用 案例 demo	Claude Opus 4.5 Anthropic / Claude 微信公众号 使用 案例 产品
P2	target_met_snapshot_refresh	Anthropic / Claude	anthropic	Claude Opus 4.6 (max)	claude-opus-4-6-max	Publishable	5	3	5	0	0	2	已达到 5 条目标线，下一步是补快照和 URL 健康检查。	先确认模型名、发布日期、可用平台和是否为真实公开模型。 / A/B 证据必须保存快照，不能只保留 live URL。	Claude Opus 4.6 (max) Anthropic / Claude case study customer	Claude Opus 4.6 (max) Anthropic / Claude built with GitHub demo	Claude Opus 4.6 (max) Anthropic / Claude production use product blog	Claude Opus 4.6 (max) Anthropic / Claude model card docs API pricing context window	Claude Opus 4.6 (max) Anthropic / Claude 真实使用 案例 项目 开源	Claude Opus 4.6 (max) Anthropic / Claude GitHub README built with	Claude Opus 4.6 (max) Anthropic / Claude B站 使用 案例 demo	Claude Opus 4.6 (max) Anthropic / Claude 微信公众号 使用 案例 产品
P2	target_met_snapshot_refresh	Anthropic / Claude	anthropic	Claude Opus 4.7 (max)	claude-opus-4-7-max	Publishable	5	3	5	0	0	2	已达到 5 条目标线，下一步是补快照和 URL 健康检查。	先确认模型名、发布日期、可用平台和是否为真实公开模型。 / A/B 证据必须保存快照，不能只保留 live URL。	Claude Opus 4.7 (max) Anthropic / Claude case study customer	Claude Opus 4.7 (max) Anthropic / Claude built with GitHub demo	Claude Opus 4.7 (max) Anthropic / Claude production use product blog	Claude Opus 4.7 (max) Anthropic / Claude model card docs API pricing context window	Claude Opus 4.7 (max) Anthropic / Claude 真实使用 案例 项目 开源	Claude Opus 4.7 (max) Anthropic / Claude GitHub README built with	Claude Opus 4.7 (max) Anthropic / Claude B站 使用 案例 demo	Claude Opus 4.7 (max) Anthropic / Claude 微信公众号 使用 案例 产品
P2	target_met_snapshot_refresh	ByteDance Seed	bytedance-seed	BAGEL	bagel	Publishable	5	3	5	0	0	2	已达到 5 条目标线，下一步是补快照和 URL 健康检查。	A/B 证据必须保存快照，不能只保留 live URL。	BAGEL ByteDance Seed case study customer	BAGEL ByteDance Seed built with GitHub demo	BAGEL ByteDance Seed production use product blog	BAGEL ByteDance Seed model card docs API pricing context window	BAGEL ByteDance Seed 真实使用 案例 项目 开源	BAGEL ByteDance Seed GitHub README built with	BAGEL ByteDance Seed B站 使用 案例 demo	BAGEL ByteDance Seed 微信公众号 使用 案例 产品
P2	target_met_snapshot_refresh	ByteDance Seed	bytedance-seed	Seed1.5 VL	seed1-5-vl	Publishable	8	3	5	0	0	2	已达到 5 条目标线，下一步是补快照和 URL 健康检查。	A/B 证据必须保存快照，不能只保留 live URL。	Seed1.5 VL ByteDance Seed case study customer	Seed1.5 VL ByteDance Seed built with GitHub demo	Seed1.5 VL ByteDance Seed production use product blog	Seed1.5 VL ByteDance Seed model card docs API pricing context window	Seed1.5 VL ByteDance Seed 真实使用 案例 项目 开源	Seed1.5 VL ByteDance Seed GitHub README built with	Seed1.5 VL ByteDance Seed B站 使用 案例 demo	Seed1.5 VL ByteDance Seed 微信公众号 使用 案例 产品
P2	target_met_snapshot_refresh	ByteDance Seed	bytedance-seed	Seedance 1.0	seedance-1-0	Publishable	9	3	5	0	0	3	已达到 5 条目标线，下一步是补快照和 URL 健康检查。	A/B 证据必须保存快照，不能只保留 live URL。	Seedance 1.0 ByteDance Seed case study customer	Seedance 1.0 ByteDance Seed built with GitHub demo	Seedance 1.0 ByteDance Seed production use product blog	Seedance 1.0 ByteDance Seed model card docs API pricing context window	Seedance 1.0 ByteDance Seed 真实使用 案例 项目 开源	Seedance 1.0 ByteDance Seed GitHub README built with	Seedance 1.0 ByteDance Seed B站 使用 案例 demo	Seedance 1.0 ByteDance Seed 微信公众号 使用 案例 产品
P2	target_met_snapshot_refresh	ByteDance Seed	bytedance-seed	Seedance 2.0	seedance-2-0	Publishable	5	3	5	0	0	3	已达到 5 条目标线，下一步是补快照和 URL 健康检查。	A/B 证据必须保存快照，不能只保留 live URL。	Seedance 2.0 ByteDance Seed case study customer	Seedance 2.0 ByteDance Seed built with GitHub demo	Seedance 2.0 ByteDance Seed production use product blog	Seedance 2.0 ByteDance Seed model card docs API pricing context window	Seedance 2.0 ByteDance Seed 真实使用 案例 项目 开源	Seedance 2.0 ByteDance Seed GitHub README built with	Seedance 2.0 ByteDance Seed B站 使用 案例 demo	Seedance 2.0 ByteDance Seed 微信公众号 使用 案例 产品
P2	target_met_snapshot_refresh	DeepSeek	deepseek	DeepSeek LLM 67B (V1)	deepseek-llm-67b-v1	Publishable	5	3	5	0	0	3	已达到 5 条目标线，下一步是补快照和 URL 健康检查。	A/B 证据必须保存快照，不能只保留 live URL。	DeepSeek LLM 67B (V1) DeepSeek case study customer	DeepSeek LLM 67B (V1) DeepSeek built with GitHub demo	DeepSeek LLM 67B (V1) DeepSeek production use product blog	DeepSeek LLM 67B (V1) DeepSeek model card docs API pricing context window	DeepSeek LLM 67B (V1) DeepSeek 真实使用 案例 项目 开源	DeepSeek LLM 67B (V1) DeepSeek GitHub README built with	DeepSeek LLM 67B (V1) DeepSeek B站 使用 案例 demo	DeepSeek LLM 67B (V1) DeepSeek 微信公众号 使用 案例 产品
P2	target_met_snapshot_refresh	DeepSeek	deepseek	DeepSeek R1 (Jan)	deepseek-r1-jan	Publishable	5	3	5	0	0	3	已达到 5 条目标线，下一步是补快照和 URL 健康检查。	确认是否应并入家族模型页，而不是单独追独立案例。 / A/B 证据必须保存快照，不能只保留 live URL。	DeepSeek R1 (Jan) DeepSeek case study customer	DeepSeek R1 (Jan) DeepSeek built with GitHub demo	DeepSeek R1 (Jan) DeepSeek production use product blog	DeepSeek R1 (Jan) DeepSeek model card docs API pricing context window	DeepSeek R1 (Jan) DeepSeek 真实使用 案例 项目 开源	DeepSeek R1 (Jan) DeepSeek GitHub README built with	DeepSeek R1 (Jan) DeepSeek B站 使用 案例 demo	DeepSeek R1 (Jan) DeepSeek 微信公众号 使用 案例 产品
P2	target_met_snapshot_refresh	DeepSeek	deepseek	DeepSeek V3 (Dec)	deepseek-v3-dec	Publishable	5	3	5	0	0	3	已达到 5 条目标线，下一步是补快照和 URL 健康检查。	确认是否应并入家族模型页，而不是单独追独立案例。 / A/B 证据必须保存快照，不能只保留 live URL。	DeepSeek V3 (Dec) DeepSeek case study customer	DeepSeek V3 (Dec) DeepSeek built with GitHub demo	DeepSeek V3 (Dec) DeepSeek production use product blog	DeepSeek V3 (Dec) DeepSeek model card docs API pricing context window	DeepSeek V3 (Dec) DeepSeek 真实使用 案例 项目 开源	DeepSeek V3 (Dec) DeepSeek GitHub README built with	DeepSeek V3 (Dec) DeepSeek B站 使用 案例 demo	DeepSeek V3 (Dec) DeepSeek 微信公众号 使用 案例 产品
P2	target_met_snapshot_refresh	DeepSeek	deepseek	DeepSeek V3 0324	deepseek-v3-0324	Publishable	5	3	5	0	0	3	已达到 5 条目标线，下一步是补快照和 URL 健康检查。	确认是否应并入家族模型页，而不是单独追独立案例。 / A/B 证据必须保存快照，不能只保留 live URL。	DeepSeek V3 0324 DeepSeek case study customer	DeepSeek V3 0324 DeepSeek built with GitHub demo	DeepSeek V3 0324 DeepSeek production use product blog	DeepSeek V3 0324 DeepSeek model card docs API pricing context window	DeepSeek V3 0324 DeepSeek 真实使用 案例 项目 开源	DeepSeek V3 0324 DeepSeek GitHub README built with	DeepSeek V3 0324 DeepSeek B站 使用 案例 demo	DeepSeek V3 0324 DeepSeek 微信公众号 使用 案例 产品
P2	target_met_snapshot_refresh	DeepSeek	deepseek	DeepSeek V3.1	deepseek-v3-1	Publishable	6	3	5	0	0	3	已达到 5 条目标线，下一步是补快照和 URL 健康检查。	A/B 证据必须保存快照，不能只保留 live URL。	DeepSeek V3.1 DeepSeek case study customer	DeepSeek V3.1 DeepSeek built with GitHub demo	DeepSeek V3.1 DeepSeek production use product blog	DeepSeek V3.1 DeepSeek model card docs API pricing context window	DeepSeek V3.1 DeepSeek 真实使用 案例 项目 开源	DeepSeek V3.1 DeepSeek GitHub README built with	DeepSeek V3.1 DeepSeek B站 使用 案例 demo	DeepSeek V3.1 DeepSeek 微信公众号 使用 案例 产品
P2	target_met_snapshot_refresh	DeepSeek	deepseek	DeepSeek V3.2	deepseek-v3-2	Publishable	5	3	5	0	0	3	已达到 5 条目标线，下一步是补快照和 URL 健康检查。	A/B 证据必须保存快照，不能只保留 live URL。	DeepSeek V3.2 DeepSeek case study customer	DeepSeek V3.2 DeepSeek built with GitHub demo	DeepSeek V3.2 DeepSeek production use product blog	DeepSeek V3.2 DeepSeek model card docs API pricing context window	DeepSeek V3.2 DeepSeek 真实使用 案例 项目 开源	DeepSeek V3.2 DeepSeek GitHub README built with	DeepSeek V3.2 DeepSeek B站 使用 案例 demo	DeepSeek V3.2 DeepSeek 微信公众号 使用 案例 产品
P2	target_met_snapshot_refresh	DeepSeek	deepseek	DeepSeek V4 Pro (Max)	deepseek-v4-pro-max	Publishable	7	3	5	0	0	2	已达到 5 条目标线，下一步是补快照和 URL 健康检查。	确认是否应并入家族模型页，而不是单独追独立案例。 / A/B 证据必须保存快照，不能只保留 live URL。	DeepSeek V4 Pro (Max) DeepSeek case study customer	DeepSeek V4 Pro (Max) DeepSeek built with GitHub demo	DeepSeek V4 Pro (Max) DeepSeek production use product blog	DeepSeek V4 Pro (Max) DeepSeek model card docs API pricing context window	DeepSeek V4 Pro (Max) DeepSeek 真实使用 案例 项目 开源	DeepSeek V4 Pro (Max) DeepSeek GitHub README built with	DeepSeek V4 Pro (Max) DeepSeek B站 使用 案例 demo	DeepSeek V4 Pro (Max) DeepSeek 微信公众号 使用 案例 产品
P2	target_met_snapshot_refresh	DeepSeek	deepseek	DeepSeek-V2	deepseek-v2	Publishable	5	3	5	0	0	3	已达到 5 条目标线，下一步是补快照和 URL 健康检查。	A/B 证据必须保存快照，不能只保留 live URL。	DeepSeek-V2 DeepSeek case study customer	DeepSeek-V2 DeepSeek built with GitHub demo	DeepSeek-V2 DeepSeek production use product blog	DeepSeek-V2 DeepSeek model card docs API pricing context window	DeepSeek-V2 DeepSeek 真实使用 案例 项目 开源	DeepSeek-V2 DeepSeek GitHub README built with	DeepSeek-V2 DeepSeek B站 使用 案例 demo	DeepSeek-V2 DeepSeek 微信公众号 使用 案例 产品
P2	target_met_snapshot_refresh	DeepSeek	deepseek	DeepSeek-V2.5 (Dec)	deepseek-v2-5-dec	Publishable	5	3	5	0	0	3	已达到 5 条目标线，下一步是补快照和 URL 健康检查。	确认是否应并入家族模型页，而不是单独追独立案例。 / A/B 证据必须保存快照，不能只保留 live URL。	DeepSeek-V2.5 (Dec) DeepSeek case study customer	DeepSeek-V2.5 (Dec) DeepSeek built with GitHub demo	DeepSeek-V2.5 (Dec) DeepSeek production use product blog	DeepSeek-V2.5 (Dec) DeepSeek model card docs API pricing context window	DeepSeek-V2.5 (Dec) DeepSeek 真实使用 案例 项目 开源	DeepSeek-V2.5 (Dec) DeepSeek GitHub README built with	DeepSeek-V2.5 (Dec) DeepSeek B站 使用 案例 demo	DeepSeek-V2.5 (Dec) DeepSeek 微信公众号 使用 案例 产品
P2	target_met_snapshot_refresh	Google / Gemini	google	Gemini 1.5 Flash (May)	gemini-1-5-flash-may	Publishable	5	3	5	0	0	3	已达到 5 条目标线，下一步是补快照和 URL 健康检查。	确认是否应并入家族模型页，而不是单独追独立案例。 / A/B 证据必须保存快照，不能只保留 live URL。	Gemini 1.5 Flash (May) Google / Gemini case study customer	Gemini 1.5 Flash (May) Google / Gemini built with GitHub demo	Gemini 1.5 Flash (May) Google / Gemini production use product blog	Gemini 1.5 Flash (May) Google / Gemini model card docs API pricing context window	Gemini 1.5 Flash (May) Google / Gemini 真实使用 案例 项目 开源	Gemini 1.5 Flash (May) Google / Gemini GitHub README built with	Gemini 1.5 Flash (May) Google / Gemini B站 使用 案例 demo	Gemini 1.5 Flash (May) Google / Gemini 微信公众号 使用 案例 产品
P2	target_met_snapshot_refresh	Google / Gemini	google	Gemini 1.5 Pro (May)	gemini-1-5-pro-may	Publishable	10	3	5	0	0	3	已达到 5 条目标线，下一步是补快照和 URL 健康检查。	确认是否应并入家族模型页，而不是单独追独立案例。 / A/B 证据必须保存快照，不能只保留 live URL。	Gemini 1.5 Pro (May) Google / Gemini case study customer	Gemini 1.5 Pro (May) Google / Gemini built with GitHub demo	Gemini 1.5 Pro (May) Google / Gemini production use product blog	Gemini 1.5 Pro (May) Google / Gemini model card docs API pricing context window	Gemini 1.5 Pro (May) Google / Gemini 真实使用 案例 项目 开源	Gemini 1.5 Pro (May) Google / Gemini GitHub README built with	Gemini 1.5 Pro (May) Google / Gemini B站 使用 案例 demo	Gemini 1.5 Pro (May) Google / Gemini 微信公众号 使用 案例 产品
P2	target_met_snapshot_refresh	Google / Gemini	google	Gemini 1.5 Pro (Sep)	gemini-1-5-pro-sep	Publishable	5	3	5	0	0	2	已达到 5 条目标线，下一步是补快照和 URL 健康检查。	确认是否应并入家族模型页，而不是单独追独立案例。 / A/B 证据必须保存快照，不能只保留 live URL。	Gemini 1.5 Pro (Sep) Google / Gemini case study customer	Gemini 1.5 Pro (Sep) Google / Gemini built with GitHub demo	Gemini 1.5 Pro (Sep) Google / Gemini production use product blog	Gemini 1.5 Pro (Sep) Google / Gemini model card docs API pricing context window	Gemini 1.5 Pro (Sep) Google / Gemini 真实使用 案例 项目 开源	Gemini 1.5 Pro (Sep) Google / Gemini GitHub README built with	Gemini 1.5 Pro (Sep) Google / Gemini B站 使用 案例 demo	Gemini 1.5 Pro (Sep) Google / Gemini 微信公众号 使用 案例 产品
P2	target_met_snapshot_refresh	Google / Gemini	google	Gemini 2.0 Flash (exp)	gemini-2-0-flash-exp	Publishable	5	3	5	0	0	3	已达到 5 条目标线，下一步是补快照和 URL 健康检查。	确认是否应并入家族模型页，而不是单独追独立案例。 / A/B 证据必须保存快照，不能只保留 live URL。	Gemini 2.0 Flash (exp) Google / Gemini case study customer	Gemini 2.0 Flash (exp) Google / Gemini built with GitHub demo	Gemini 2.0 Flash (exp) Google / Gemini production use product blog	Gemini 2.0 Flash (exp) Google / Gemini model card docs API pricing context window	Gemini 2.0 Flash (exp) Google / Gemini 真实使用 案例 项目 开源	Gemini 2.0 Flash (exp) Google / Gemini GitHub README built with	Gemini 2.0 Flash (exp) Google / Gemini B站 使用 案例 demo	Gemini 2.0 Flash (exp) Google / Gemini 微信公众号 使用 案例 产品
P2	target_met_snapshot_refresh	Google / Gemini	google	Gemini 2.0 Flash Thinking exp. (Jan)	gemini-2-0-flash-thinking-exp-jan	Publishable	5	3	5	0	0	2	已达到 5 条目标线，下一步是补快照和 URL 健康检查。	确认是否应并入家族模型页，而不是单独追独立案例。 / A/B 证据必须保存快照，不能只保留 live URL。	Gemini 2.0 Flash Thinking exp. (Jan) Google / Gemini case study customer	Gemini 2.0 Flash Thinking exp. (Jan) Google / Gemini built with GitHub demo	Gemini 2.0 Flash Thinking exp. (Jan) Google / Gemini production use product blog	Gemini 2.0 Flash Thinking exp. (Jan) Google / Gemini model card docs API pricing context window	Gemini 2.0 Flash Thinking exp. (Jan) Google / Gemini 真实使用 案例 项目 开源	Gemini 2.0 Flash Thinking exp. (Jan) Google / Gemini GitHub README built with	Gemini 2.0 Flash Thinking exp. (Jan) Google / Gemini B站 使用 案例 demo	Gemini 2.0 Flash Thinking exp. (Jan) Google / Gemini 微信公众号 使用 案例 产品
P2	target_met_snapshot_refresh	Google / Gemini	google	Gemini 2.5 Pro (Mar)	gemini-2-5-pro-mar	Publishable	5	3	5	0	0	3	已达到 5 条目标线，下一步是补快照和 URL 健康检查。	确认是否应并入家族模型页，而不是单独追独立案例。 / A/B 证据必须保存快照，不能只保留 live URL。	Gemini 2.5 Pro (Mar) Google / Gemini case study customer	Gemini 2.5 Pro (Mar) Google / Gemini built with GitHub demo	Gemini 2.5 Pro (Mar) Google / Gemini production use product blog	Gemini 2.5 Pro (Mar) Google / Gemini model card docs API pricing context window	Gemini 2.5 Pro (Mar) Google / Gemini 真实使用 案例 项目 开源	Gemini 2.5 Pro (Mar) Google / Gemini GitHub README built with	Gemini 2.5 Pro (Mar) Google / Gemini B站 使用 案例 demo	Gemini 2.5 Pro (Mar) Google / Gemini 微信公众号 使用 案例 产品
P2	target_met_snapshot_refresh	Google / Gemini	google	Gemini 3 Pro Preview (high)	gemini-3-pro-preview-high	Publishable	5	3	5	0	0	2	已达到 5 条目标线，下一步是补快照和 URL 健康检查。	确认是否应并入家族模型页，而不是单独追独立案例。 / A/B 证据必须保存快照，不能只保留 live URL。	Gemini 3 Pro Preview (high) Google / Gemini case study customer	Gemini 3 Pro Preview (high) Google / Gemini built with GitHub demo	Gemini 3 Pro Preview (high) Google / Gemini production use product blog	Gemini 3 Pro Preview (high) Google / Gemini model card docs API pricing context window	Gemini 3 Pro Preview (high) Google / Gemini 真实使用 案例 项目 开源	Gemini 3 Pro Preview (high) Google / Gemini GitHub README built with	Gemini 3 Pro Preview (high) Google / Gemini B站 使用 案例 demo	Gemini 3 Pro Preview (high) Google / Gemini 微信公众号 使用 案例 产品
P2	target_met_snapshot_refresh	Google / Gemini	google	Gemini 3.1 Pro Preview	gemini-3-1-pro-preview	Publishable	5	3	5	0	0	2	已达到 5 条目标线，下一步是补快照和 URL 健康检查。	确认是否应并入家族模型页，而不是单独追独立案例。 / A/B 证据必须保存快照，不能只保留 live URL。	Gemini 3.1 Pro Preview Google / Gemini case study customer	Gemini 3.1 Pro Preview Google / Gemini built with GitHub demo	Gemini 3.1 Pro Preview Google / Gemini production use product blog	Gemini 3.1 Pro Preview Google / Gemini model card docs API pricing context window	Gemini 3.1 Pro Preview Google / Gemini 真实使用 案例 项目 开源	Gemini 3.1 Pro Preview Google / Gemini GitHub README built with	Gemini 3.1 Pro Preview Google / Gemini B站 使用 案例 demo	Gemini 3.1 Pro Preview Google / Gemini 微信公众号 使用 案例 产品
P2	target_met_snapshot_refresh	Kimi / Moonshot AI	kimi	Kimi K2	kimi-k2	Publishable	6	3	5	0	0	3	已达到 5 条目标线，下一步是补快照和 URL 健康检查。	A/B 证据必须保存快照，不能只保留 live URL。	Kimi K2 Kimi / Moonshot AI case study customer	Kimi K2 Kimi / Moonshot AI built with GitHub demo	Kimi K2 Kimi / Moonshot AI production use product blog	Kimi K2 Kimi / Moonshot AI model card docs API pricing context window	Kimi K2 Kimi / Moonshot AI 真实使用 案例 项目 开源	Kimi K2 Kimi / Moonshot AI GitHub README built with	Kimi K2 Kimi / Moonshot AI B站 使用 案例 demo	Kimi K2 Kimi / Moonshot AI 微信公众号 使用 案例 产品
P2	target_met_snapshot_refresh	Kimi / Moonshot AI	kimi	Kimi K2 0905	kimi-k2-0905	Publishable	5	3	5	0	0	3	已达到 5 条目标线，下一步是补快照和 URL 健康检查。	确认是否应并入家族模型页，而不是单独追独立案例。 / A/B 证据必须保存快照，不能只保留 live URL。	Kimi K2 0905 Kimi / Moonshot AI case study customer	Kimi K2 0905 Kimi / Moonshot AI built with GitHub demo	Kimi K2 0905 Kimi / Moonshot AI production use product blog	Kimi K2 0905 Kimi / Moonshot AI model card docs API pricing context window	Kimi K2 0905 Kimi / Moonshot AI 真实使用 案例 项目 开源	Kimi K2 0905 Kimi / Moonshot AI GitHub README built with	Kimi K2 0905 Kimi / Moonshot AI B站 使用 案例 demo	Kimi K2 0905 Kimi / Moonshot AI 微信公众号 使用 案例 产品
P2	target_met_snapshot_refresh	Kimi / Moonshot AI	kimi	Kimi K2 Thinking	kimi-k2-thinking	Publishable	5	3	5	0	0	3	已达到 5 条目标线，下一步是补快照和 URL 健康检查。	确认是否应并入家族模型页，而不是单独追独立案例。 / A/B 证据必须保存快照，不能只保留 live URL。	Kimi K2 Thinking Kimi / Moonshot AI case study customer	Kimi K2 Thinking Kimi / Moonshot AI built with GitHub demo	Kimi K2 Thinking Kimi / Moonshot AI production use product blog	Kimi K2 Thinking Kimi / Moonshot AI model card docs API pricing context window	Kimi K2 Thinking Kimi / Moonshot AI 真实使用 案例 项目 开源	Kimi K2 Thinking Kimi / Moonshot AI GitHub README built with	Kimi K2 Thinking Kimi / Moonshot AI B站 使用 案例 demo	Kimi K2 Thinking Kimi / Moonshot AI 微信公众号 使用 案例 产品
P2	target_met_snapshot_refresh	Kimi / Moonshot AI	kimi	Kimi K2.5	kimi-k2-5	Publishable	5	3	5	0	0	3	已达到 5 条目标线，下一步是补快照和 URL 健康检查。	A/B 证据必须保存快照，不能只保留 live URL。	Kimi K2.5 Kimi / Moonshot AI case study customer	Kimi K2.5 Kimi / Moonshot AI built with GitHub demo	Kimi K2.5 Kimi / Moonshot AI production use product blog	Kimi K2.5 Kimi / Moonshot AI model card docs API pricing context window	Kimi K2.5 Kimi / Moonshot AI 真实使用 案例 项目 开源	Kimi K2.5 Kimi / Moonshot AI GitHub README built with	Kimi K2.5 Kimi / Moonshot AI B站 使用 案例 demo	Kimi K2.5 Kimi / Moonshot AI 微信公众号 使用 案例 产品
P2	target_met_snapshot_refresh	Kimi / Moonshot AI	kimi	Kimi K2.6	kimi-k2-6	Publishable	6	3	5	0	0	3	已达到 5 条目标线，下一步是补快照和 URL 健康检查。	A/B 证据必须保存快照，不能只保留 live URL。	Kimi K2.6 Kimi / Moonshot AI case study customer	Kimi K2.6 Kimi / Moonshot AI built with GitHub demo	Kimi K2.6 Kimi / Moonshot AI production use product blog	Kimi K2.6 Kimi / Moonshot AI model card docs API pricing context window	Kimi K2.6 Kimi / Moonshot AI 真实使用 案例 项目 开源	Kimi K2.6 Kimi / Moonshot AI GitHub README built with	Kimi K2.6 Kimi / Moonshot AI B站 使用 案例 demo	Kimi K2.6 Kimi / Moonshot AI 微信公众号 使用 案例 产品
P2	target_met_snapshot_refresh	Meta / Llama	meta	Llama 2 Chat 7B	llama-2-chat-7b	Publishable	5	3	5	0	0	2	已达到 5 条目标线，下一步是补快照和 URL 健康检查。	A/B 证据必须保存快照，不能只保留 live URL。	Llama 2 Chat 7B Meta / Llama case study customer	Llama 2 Chat 7B Meta / Llama built with GitHub demo	Llama 2 Chat 7B Meta / Llama production use product blog	Llama 2 Chat 7B Meta / Llama model card docs API pricing context window	Llama 2 Chat 7B Meta / Llama 真实使用 案例 项目 开源	Llama 2 Chat 7B Meta / Llama GitHub README built with	Llama 2 Chat 7B Meta / Llama B站 使用 案例 demo	Llama 2 Chat 7B Meta / Llama 微信公众号 使用 案例 产品
P2	target_met_snapshot_refresh	Meta / Llama	meta	Llama 3.1 405B	llama-3-1-405b	Publishable	6	3	5	0	0	3	已达到 5 条目标线，下一步是补快照和 URL 健康检查。	A/B 证据必须保存快照，不能只保留 live URL。	Llama 3.1 405B Meta / Llama case study customer	Llama 3.1 405B Meta / Llama built with GitHub demo	Llama 3.1 405B Meta / Llama production use product blog	Llama 3.1 405B Meta / Llama model card docs API pricing context window	Llama 3.1 405B Meta / Llama 真实使用 案例 项目 开源	Llama 3.1 405B Meta / Llama GitHub README built with	Llama 3.1 405B Meta / Llama B站 使用 案例 demo	Llama 3.1 405B Meta / Llama 微信公众号 使用 案例 产品
P2	target_met_snapshot_refresh	Meta / Llama	meta	Llama 4 Maverick	llama-4-maverick	Publishable	5	3	5	0	0	2	已达到 5 条目标线，下一步是补快照和 URL 健康检查。	A/B 证据必须保存快照，不能只保留 live URL。	Llama 4 Maverick Meta / Llama case study customer	Llama 4 Maverick Meta / Llama built with GitHub demo	Llama 4 Maverick Meta / Llama production use product blog	Llama 4 Maverick Meta / Llama model card docs API pricing context window	Llama 4 Maverick Meta / Llama 真实使用 案例 项目 开源	Llama 4 Maverick Meta / Llama GitHub README built with	Llama 4 Maverick Meta / Llama B站 使用 案例 demo	Llama 4 Maverick Meta / Llama 微信公众号 使用 案例 产品
P2	target_met_snapshot_refresh	Meta / Llama	meta	Muse Spark	muse-spark	Publishable	5	3	5	0	0	3	已达到 5 条目标线，下一步是补快照和 URL 健康检查。	A/B 证据必须保存快照，不能只保留 live URL。	Muse Spark Meta / Llama case study customer	Muse Spark Meta / Llama built with GitHub demo	Muse Spark Meta / Llama production use product blog	Muse Spark Meta / Llama model card docs API pricing context window	Muse Spark Meta / Llama 真实使用 案例 项目 开源	Muse Spark Meta / Llama GitHub README built with	Muse Spark Meta / Llama B站 使用 案例 demo	Muse Spark Meta / Llama 微信公众号 使用 案例 产品
P2	target_met_snapshot_refresh	MiniMax	minimax	MiniMax-M2	minimax-m2	Publishable	5	3	5	0	0	2	已达到 5 条目标线，下一步是补快照和 URL 健康检查。	A/B 证据必须保存快照，不能只保留 live URL。	MiniMax-M2 MiniMax case study customer	MiniMax-M2 MiniMax built with GitHub demo	MiniMax-M2 MiniMax production use product blog	MiniMax-M2 MiniMax model card docs API pricing context window	MiniMax-M2 MiniMax 真实使用 案例 项目 开源	MiniMax-M2 MiniMax GitHub README built with	MiniMax-M2 MiniMax B站 使用 案例 demo	MiniMax-M2 MiniMax 微信公众号 使用 案例 产品
P2	target_met_snapshot_refresh	MiniMax	minimax	MiniMax-M2.1	minimax-m2-1	Publishable	5	3	5	0	0	2	已达到 5 条目标线，下一步是补快照和 URL 健康检查。	A/B 证据必须保存快照，不能只保留 live URL。	MiniMax-M2.1 MiniMax case study customer	MiniMax-M2.1 MiniMax built with GitHub demo	MiniMax-M2.1 MiniMax production use product blog	MiniMax-M2.1 MiniMax model card docs API pricing context window	MiniMax-M2.1 MiniMax 真实使用 案例 项目 开源	MiniMax-M2.1 MiniMax GitHub README built with	MiniMax-M2.1 MiniMax B站 使用 案例 demo	MiniMax-M2.1 MiniMax 微信公众号 使用 案例 产品
P2	target_met_snapshot_refresh	MiniMax	minimax	MiniMax-M2.5	minimax-m2-5	Publishable	5	3	5	0	0	2	已达到 5 条目标线，下一步是补快照和 URL 健康检查。	A/B 证据必须保存快照，不能只保留 live URL。	MiniMax-M2.5 MiniMax case study customer	MiniMax-M2.5 MiniMax built with GitHub demo	MiniMax-M2.5 MiniMax production use product blog	MiniMax-M2.5 MiniMax model card docs API pricing context window	MiniMax-M2.5 MiniMax 真实使用 案例 项目 开源	MiniMax-M2.5 MiniMax GitHub README built with	MiniMax-M2.5 MiniMax B站 使用 案例 demo	MiniMax-M2.5 MiniMax 微信公众号 使用 案例 产品
P2	target_met_snapshot_refresh	MiniMax	minimax	MiniMax-M2.7	minimax-m2-7	Publishable	5	3	5	0	0	2	已达到 5 条目标线，下一步是补快照和 URL 健康检查。	A/B 证据必须保存快照，不能只保留 live URL。	MiniMax-M2.7 MiniMax case study customer	MiniMax-M2.7 MiniMax built with GitHub demo	MiniMax-M2.7 MiniMax production use product blog	MiniMax-M2.7 MiniMax model card docs API pricing context window	MiniMax-M2.7 MiniMax 真实使用 案例 项目 开源	MiniMax-M2.7 MiniMax GitHub README built with	MiniMax-M2.7 MiniMax B站 使用 案例 demo	MiniMax-M2.7 MiniMax 微信公众号 使用 案例 产品
P2	target_met_snapshot_refresh	OpenAI	openai	GPT-3.5 Turbo	gpt-3-5-turbo	Publishable	5	3	5	0	0	2	已达到 5 条目标线，下一步是补快照和 URL 健康检查。	A/B 证据必须保存快照，不能只保留 live URL。	GPT-3.5 Turbo OpenAI case study customer	GPT-3.5 Turbo OpenAI built with GitHub demo	GPT-3.5 Turbo OpenAI production use product blog	GPT-3.5 Turbo OpenAI model card docs API pricing context window	GPT-3.5 Turbo OpenAI 真实使用 案例 项目 开源	GPT-3.5 Turbo OpenAI GitHub README built with	GPT-3.5 Turbo OpenAI B站 使用 案例 demo	GPT-3.5 Turbo OpenAI 微信公众号 使用 案例 产品
P2	target_met_snapshot_refresh	OpenAI	openai	GPT-4	gpt-4	Publishable	5	3	5	0	0	3	已达到 5 条目标线，下一步是补快照和 URL 健康检查。	A/B 证据必须保存快照，不能只保留 live URL。	GPT-4 OpenAI case study customer	GPT-4 OpenAI built with GitHub demo	GPT-4 OpenAI production use product blog	GPT-4 OpenAI model card docs API pricing context window	GPT-4 OpenAI 真实使用 案例 项目 开源	GPT-4 OpenAI GitHub README built with	GPT-4 OpenAI B站 使用 案例 demo	GPT-4 OpenAI 微信公众号 使用 案例 产品
P2	target_met_snapshot_refresh	OpenAI	openai	GPT-4 Turbo	gpt-4-turbo	Publishable	5	3	5	0	0	3	已达到 5 条目标线，下一步是补快照和 URL 健康检查。	A/B 证据必须保存快照，不能只保留 live URL。	GPT-4 Turbo OpenAI case study customer	GPT-4 Turbo OpenAI built with GitHub demo	GPT-4 Turbo OpenAI production use product blog	GPT-4 Turbo OpenAI model card docs API pricing context window	GPT-4 Turbo OpenAI 真实使用 案例 项目 开源	GPT-4 Turbo OpenAI GitHub README built with	GPT-4 Turbo OpenAI B站 使用 案例 demo	GPT-4 Turbo OpenAI 微信公众号 使用 案例 产品
P2	target_met_snapshot_refresh	OpenAI	openai	GPT-4o (Aug)	gpt-4o-aug	Publishable	5	3	5	0	0	2	已达到 5 条目标线，下一步是补快照和 URL 健康检查。	确认是否应并入家族模型页，而不是单独追独立案例。 / A/B 证据必须保存快照，不能只保留 live URL。	GPT-4o (Aug) OpenAI case study customer	GPT-4o (Aug) OpenAI built with GitHub demo	GPT-4o (Aug) OpenAI production use product blog	GPT-4o (Aug) OpenAI model card docs API pricing context window	GPT-4o (Aug) OpenAI 真实使用 案例 项目 开源	GPT-4o (Aug) OpenAI GitHub README built with	GPT-4o (Aug) OpenAI B站 使用 案例 demo	GPT-4o (Aug) OpenAI 微信公众号 使用 案例 产品
P2	target_met_snapshot_refresh	OpenAI	openai	GPT-4o (May)	gpt-4o-may	Publishable	6	3	5	0	0	3	已达到 5 条目标线，下一步是补快照和 URL 健康检查。	确认是否应并入家族模型页，而不是单独追独立案例。 / A/B 证据必须保存快照，不能只保留 live URL。	GPT-4o (May) OpenAI case study customer	GPT-4o (May) OpenAI built with GitHub demo	GPT-4o (May) OpenAI production use product blog	GPT-4o (May) OpenAI model card docs API pricing context window	GPT-4o (May) OpenAI 真实使用 案例 项目 开源	GPT-4o (May) OpenAI GitHub README built with	GPT-4o (May) OpenAI B站 使用 案例 demo	GPT-4o (May) OpenAI 微信公众号 使用 案例 产品
P2	target_met_snapshot_refresh	OpenAI	openai	GPT-5 (high)	gpt-5-high	Publishable	5	3	5	0	0	2	已达到 5 条目标线，下一步是补快照和 URL 健康检查。	确认是否应并入家族模型页，而不是单独追独立案例。 / A/B 证据必须保存快照，不能只保留 live URL。	GPT-5 (high) OpenAI case study customer	GPT-5 (high) OpenAI built with GitHub demo	GPT-5 (high) OpenAI production use product blog	GPT-5 (high) OpenAI model card docs API pricing context window	GPT-5 (high) OpenAI 真实使用 案例 项目 开源	GPT-5 (high) OpenAI GitHub README built with	GPT-5 (high) OpenAI B站 使用 案例 demo	GPT-5 (high) OpenAI 微信公众号 使用 案例 产品
P2	target_met_snapshot_refresh	OpenAI	openai	GPT-5 Codex (high)	gpt-5-codex-high	Publishable	5	3	5	0	0	2	已达到 5 条目标线，下一步是补快照和 URL 健康检查。	确认是否应并入家族模型页，而不是单独追独立案例。 / A/B 证据必须保存快照，不能只保留 live URL。	GPT-5 Codex (high) OpenAI case study customer	GPT-5 Codex (high) OpenAI built with GitHub demo	GPT-5 Codex (high) OpenAI production use product blog	GPT-5 Codex (high) OpenAI model card docs API pricing context window	GPT-5 Codex (high) OpenAI 真实使用 案例 项目 开源	GPT-5 Codex (high) OpenAI GitHub README built with	GPT-5 Codex (high) OpenAI B站 使用 案例 demo	GPT-5 Codex (high) OpenAI 微信公众号 使用 案例 产品
P2	target_met_snapshot_refresh	OpenAI	openai	o1	o1	Publishable	8	3	5	0	0	3	已达到 5 条目标线，下一步是补快照和 URL 健康检查。	A/B 证据必须保存快照，不能只保留 live URL。	o1 OpenAI case study customer	o1 OpenAI built with GitHub demo	o1 OpenAI production use product blog	o1 OpenAI model card docs API pricing context window	o1 OpenAI 真实使用 案例 项目 开源	o1 OpenAI GitHub README built with	o1 OpenAI B站 使用 案例 demo	o1 OpenAI 微信公众号 使用 案例 产品
P2	target_met_snapshot_refresh	OpenAI	openai	o3-pro	o3-pro	Publishable	5	3	5	0	0	2	已达到 5 条目标线，下一步是补快照和 URL 健康检查。	A/B 证据必须保存快照，不能只保留 live URL。	o3-pro OpenAI case study customer	o3-pro OpenAI built with GitHub demo	o3-pro OpenAI production use product blog	o3-pro OpenAI model card docs API pricing context window	o3-pro OpenAI 真实使用 案例 项目 开源	o3-pro OpenAI GitHub README built with	o3-pro OpenAI B站 使用 案例 demo	o3-pro OpenAI 微信公众号 使用 案例 产品
P2	target_met_snapshot_refresh	Qwen / Alibaba	qwen-alibaba	Qwen Chat 14B	qwen-chat-14b	Publishable	5	3	5	0	0	4	已达到 5 条目标线，下一步是补快照和 URL 健康检查。	A/B 证据必须保存快照，不能只保留 live URL。	Qwen Chat 14B Qwen / Alibaba case study customer	Qwen Chat 14B Qwen / Alibaba built with GitHub demo	Qwen Chat 14B Qwen / Alibaba production use product blog	Qwen Chat 14B Qwen / Alibaba model card docs API pricing context window	Qwen Chat 14B Qwen / Alibaba 真实使用 案例 项目 开源	Qwen Chat 14B Qwen / Alibaba GitHub README built with	Qwen Chat 14B Qwen / Alibaba B站 使用 案例 demo	Qwen Chat 14B Qwen / Alibaba 微信公众号 使用 案例 产品
P2	target_met_snapshot_refresh	Qwen / Alibaba	qwen-alibaba	Qwen Chat 72B	qwen-chat-72b	Publishable	5	3	5	0	0	4	已达到 5 条目标线，下一步是补快照和 URL 健康检查。	A/B 证据必须保存快照，不能只保留 live URL。	Qwen Chat 72B Qwen / Alibaba case study customer	Qwen Chat 72B Qwen / Alibaba built with GitHub demo	Qwen Chat 72B Qwen / Alibaba production use product blog	Qwen Chat 72B Qwen / Alibaba model card docs API pricing context window	Qwen Chat 72B Qwen / Alibaba 真实使用 案例 项目 开源	Qwen Chat 72B Qwen / Alibaba GitHub README built with	Qwen Chat 72B Qwen / Alibaba B站 使用 案例 demo	Qwen Chat 72B Qwen / Alibaba 微信公众号 使用 案例 产品
P2	target_met_snapshot_refresh	Qwen / Alibaba	qwen-alibaba	Qwen1.5 Chat 110B	qwen1-5-chat-110b	Publishable	5	3	5	0	0	5	已达到 5 条目标线，下一步是补快照和 URL 健康检查。	A/B 证据必须保存快照，不能只保留 live URL。	Qwen1.5 Chat 110B Qwen / Alibaba case study customer	Qwen1.5 Chat 110B Qwen / Alibaba built with GitHub demo	Qwen1.5 Chat 110B Qwen / Alibaba production use product blog	Qwen1.5 Chat 110B Qwen / Alibaba model card docs API pricing context window	Qwen1.5 Chat 110B Qwen / Alibaba 真实使用 案例 项目 开源	Qwen1.5 Chat 110B Qwen / Alibaba GitHub README built with	Qwen1.5 Chat 110B Qwen / Alibaba B站 使用 案例 demo	Qwen1.5 Chat 110B Qwen / Alibaba 微信公众号 使用 案例 产品
P2	target_met_snapshot_refresh	Qwen / Alibaba	qwen-alibaba	Qwen2 72B	qwen2-72b	Publishable	5	3	5	0	0	5	已达到 5 条目标线，下一步是补快照和 URL 健康检查。	A/B 证据必须保存快照，不能只保留 live URL。	Qwen2 72B Qwen / Alibaba case study customer	Qwen2 72B Qwen / Alibaba built with GitHub demo	Qwen2 72B Qwen / Alibaba production use product blog	Qwen2 72B Qwen / Alibaba model card docs API pricing context window	Qwen2 72B Qwen / Alibaba 真实使用 案例 项目 开源	Qwen2 72B Qwen / Alibaba GitHub README built with	Qwen2 72B Qwen / Alibaba B站 使用 案例 demo	Qwen2 72B Qwen / Alibaba 微信公众号 使用 案例 产品
P2	target_met_snapshot_refresh	Qwen / Alibaba	qwen-alibaba	Qwen3 235B 2507	qwen3-235b-2507	Publishable	5	3	5	0	0	5	已达到 5 条目标线，下一步是补快照和 URL 健康检查。	确认是否应并入家族模型页，而不是单独追独立案例。 / A/B 证据必须保存快照，不能只保留 live URL。	Qwen3 235B 2507 Qwen / Alibaba case study customer	Qwen3 235B 2507 Qwen / Alibaba built with GitHub demo	Qwen3 235B 2507 Qwen / Alibaba production use product blog	Qwen3 235B 2507 Qwen / Alibaba model card docs API pricing context window	Qwen3 235B 2507 Qwen / Alibaba 真实使用 案例 项目 开源	Qwen3 235B 2507 Qwen / Alibaba GitHub README built with	Qwen3 235B 2507 Qwen / Alibaba B站 使用 案例 demo	Qwen3 235B 2507 Qwen / Alibaba 微信公众号 使用 案例 产品
P2	target_met_snapshot_refresh	Qwen / Alibaba	qwen-alibaba	Qwen3 235B A22B 2507	qwen3-235b-a22b-2507	Publishable	5	3	5	0	0	5	已达到 5 条目标线，下一步是补快照和 URL 健康检查。	确认是否应并入家族模型页，而不是单独追独立案例。 / A/B 证据必须保存快照，不能只保留 live URL。	Qwen3 235B A22B 2507 Qwen / Alibaba case study customer	Qwen3 235B A22B 2507 Qwen / Alibaba built with GitHub demo	Qwen3 235B A22B 2507 Qwen / Alibaba production use product blog	Qwen3 235B A22B 2507 Qwen / Alibaba model card docs API pricing context window	Qwen3 235B A22B 2507 Qwen / Alibaba 真实使用 案例 项目 开源	Qwen3 235B A22B 2507 Qwen / Alibaba GitHub README built with	Qwen3 235B A22B 2507 Qwen / Alibaba B站 使用 案例 demo	Qwen3 235B A22B 2507 Qwen / Alibaba 微信公众号 使用 案例 产品
P2	target_met_snapshot_refresh	Qwen / Alibaba	qwen-alibaba	Qwen3 Max	qwen3-max	Publishable	11	3	5	0	0	4	已达到 5 条目标线，下一步是补快照和 URL 健康检查。	确认是否应并入家族模型页，而不是单独追独立案例。 / A/B 证据必须保存快照，不能只保留 live URL。	Qwen3 Max Qwen / Alibaba case study customer	Qwen3 Max Qwen / Alibaba built with GitHub demo	Qwen3 Max Qwen / Alibaba production use product blog	Qwen3 Max Qwen / Alibaba model card docs API pricing context window	Qwen3 Max Qwen / Alibaba 真实使用 案例 项目 开源	Qwen3 Max Qwen / Alibaba GitHub README built with	Qwen3 Max Qwen / Alibaba B站 使用 案例 demo	Qwen3 Max Qwen / Alibaba 微信公众号 使用 案例 产品
P2	target_met_snapshot_refresh	Qwen / Alibaba	qwen-alibaba	QwQ-32B	qwq-32b	Publishable	5	3	5	0	0	5	已达到 5 条目标线，下一步是补快照和 URL 健康检查。	A/B 证据必须保存快照，不能只保留 live URL。	QwQ-32B Qwen / Alibaba case study customer	QwQ-32B Qwen / Alibaba built with GitHub demo	QwQ-32B Qwen / Alibaba production use product blog	QwQ-32B Qwen / Alibaba model card docs API pricing context window	QwQ-32B Qwen / Alibaba 真实使用 案例 项目 开源	QwQ-32B Qwen / Alibaba GitHub README built with	QwQ-32B Qwen / Alibaba B站 使用 案例 demo	QwQ-32B Qwen / Alibaba 微信公众号 使用 案例 产品
P2	target_met_snapshot_refresh	StepFun / Step	stepfun	Step 3.7 Flash	step-3-7-flash	Publishable	5	3	5	0	0	2	已达到 5 条目标线，下一步是补快照和 URL 健康检查。	A/B 证据必须保存快照，不能只保留 live URL。	Step 3.7 Flash StepFun / Step case study customer	Step 3.7 Flash StepFun / Step built with GitHub demo	Step 3.7 Flash StepFun / Step production use product blog	Step 3.7 Flash StepFun / Step model card docs API pricing context window	Step 3.7 Flash StepFun / Step 真实使用 案例 项目 开源	Step 3.7 Flash StepFun / Step GitHub README built with	Step 3.7 Flash StepFun / Step B站 使用 案例 demo	Step 3.7 Flash StepFun / Step 微信公众号 使用 案例 产品
P2	target_met_snapshot_refresh	Upstage / Solar	upstage	Solar Mini	solar-mini	Publishable	9	3	5	0	0	1	已达到 5 条目标线，下一步是补快照和 URL 健康检查。	A/B 证据必须保存快照，不能只保留 live URL。	Solar Mini Upstage / Solar case study customer	Solar Mini Upstage / Solar built with GitHub demo	Solar Mini Upstage / Solar production use product blog	Solar Mini Upstage / Solar model card docs API pricing context window	Solar Mini Upstage / Solar 真实使用 案例 项目 开源	Solar Mini Upstage / Solar GitHub README built with	Solar Mini Upstage / Solar B站 使用 案例 demo	Solar Mini Upstage / Solar 微信公众号 使用 案例 产品
P2	target_met_snapshot_refresh	Upstage / Solar	upstage	Solar Open 100B	solar-open-100b	Publishable	5	3	5	0	0	1	已达到 5 条目标线，下一步是补快照和 URL 健康检查。	A/B 证据必须保存快照，不能只保留 live URL。	Solar Open 100B Upstage / Solar case study customer	Solar Open 100B Upstage / Solar built with GitHub demo	Solar Open 100B Upstage / Solar production use product blog	Solar Open 100B Upstage / Solar model card docs API pricing context window	Solar Open 100B Upstage / Solar 真实使用 案例 项目 开源	Solar Open 100B Upstage / Solar GitHub README built with	Solar Open 100B Upstage / Solar B站 使用 案例 demo	Solar Open 100B Upstage / Solar 微信公众号 使用 案例 产品
P2	target_met_snapshot_refresh	Upstage / Solar	upstage	Solar Pro 3	solar-pro-3	Publishable	10	3	5	0	0	1	已达到 5 条目标线，下一步是补快照和 URL 健康检查。	A/B 证据必须保存快照，不能只保留 live URL。	Solar Pro 3 Upstage / Solar case study customer	Solar Pro 3 Upstage / Solar built with GitHub demo	Solar Pro 3 Upstage / Solar production use product blog	Solar Pro 3 Upstage / Solar model card docs API pricing context window	Solar Pro 3 Upstage / Solar 真实使用 案例 项目 开源	Solar Pro 3 Upstage / Solar GitHub README built with	Solar Pro 3 Upstage / Solar B站 使用 案例 demo	Solar Pro 3 Upstage / Solar 微信公众号 使用 案例 产品
P2	target_met_snapshot_refresh	xAI / Grok	xai	Grok 2	grok-2	Publishable	9	3	5	0	0	2	已达到 5 条目标线，下一步是补快照和 URL 健康检查。	A/B 证据必须保存快照，不能只保留 live URL。	Grok 2 xAI / Grok case study customer	Grok 2 xAI / Grok built with GitHub demo	Grok 2 xAI / Grok production use product blog	Grok 2 xAI / Grok model card docs API pricing context window	Grok 2 xAI / Grok 真实使用 案例 项目 开源	Grok 2 xAI / Grok GitHub README built with	Grok 2 xAI / Grok B站 使用 案例 demo	Grok 2 xAI / Grok 微信公众号 使用 案例 产品
P2	target_met_snapshot_refresh	xAI / Grok	xai	Grok 3 mini Reasoning (high)	grok-3-mini-reasoning-high	Publishable	5	3	5	0	0	2	已达到 5 条目标线，下一步是补快照和 URL 健康检查。	确认是否应并入家族模型页，而不是单独追独立案例。 / A/B 证据必须保存快照，不能只保留 live URL。	Grok 3 mini Reasoning (high) xAI / Grok case study customer	Grok 3 mini Reasoning (high) xAI / Grok built with GitHub demo	Grok 3 mini Reasoning (high) xAI / Grok production use product blog	Grok 3 mini Reasoning (high) xAI / Grok model card docs API pricing context window	Grok 3 mini Reasoning (high) xAI / Grok 真实使用 案例 项目 开源	Grok 3 mini Reasoning (high) xAI / Grok GitHub README built with	Grok 3 mini Reasoning (high) xAI / Grok B站 使用 案例 demo	Grok 3 mini Reasoning (high) xAI / Grok 微信公众号 使用 案例 产品
P2	target_met_snapshot_refresh	xAI / Grok	xai	Grok 4	grok-4	Publishable	5	3	5	0	0	2	已达到 5 条目标线，下一步是补快照和 URL 健康检查。	A/B 证据必须保存快照，不能只保留 live URL。	Grok 4 xAI / Grok case study customer	Grok 4 xAI / Grok built with GitHub demo	Grok 4 xAI / Grok production use product blog	Grok 4 xAI / Grok model card docs API pricing context window	Grok 4 xAI / Grok 真实使用 案例 项目 开源	Grok 4 xAI / Grok GitHub README built with	Grok 4 xAI / Grok B站 使用 案例 demo	Grok 4 xAI / Grok 微信公众号 使用 案例 产品
P2	target_met_snapshot_refresh	xAI / Grok	xai	Grok Beta	grok-beta	Publishable	10	3	5	0	0	2	已达到 5 条目标线，下一步是补快照和 URL 健康检查。	A/B 证据必须保存快照，不能只保留 live URL。	Grok Beta xAI / Grok case study customer	Grok Beta xAI / Grok built with GitHub demo	Grok Beta xAI / Grok production use product blog	Grok Beta xAI / Grok model card docs API pricing context window	Grok Beta xAI / Grok 真实使用 案例 项目 开源	Grok Beta xAI / Grok GitHub README built with	Grok Beta xAI / Grok B站 使用 案例 demo	Grok Beta xAI / Grok 微信公众号 使用 案例 产品
P2	target_met_snapshot_refresh	xAI / Grok	xai	Grok-1	grok-1	Publishable	5	3	5	0	0	3	已达到 5 条目标线，下一步是补快照和 URL 健康检查。	A/B 证据必须保存快照，不能只保留 live URL。	Grok-1 xAI / Grok case study customer	Grok-1 xAI / Grok built with GitHub demo	Grok-1 xAI / Grok production use product blog	Grok-1 xAI / Grok model card docs API pricing context window	Grok-1 xAI / Grok 真实使用 案例 项目 开源	Grok-1 xAI / Grok GitHub README built with	Grok-1 xAI / Grok B站 使用 案例 demo	Grok-1 xAI / Grok 微信公众号 使用 案例 产品
P2	target_met_snapshot_refresh	Xiaomi / MiMo	xiaomi	MiMo-V2-Flash (Feb 2026)	mimo-v2-flash-feb-2026	Publishable	8	3	5	0	0	2	已达到 5 条目标线，下一步是补快照和 URL 健康检查。	确认是否应并入家族模型页，而不是单独追独立案例。 / A/B 证据必须保存快照，不能只保留 live URL。	MiMo-V2-Flash (Feb 2026) Xiaomi / MiMo case study customer	MiMo-V2-Flash (Feb 2026) Xiaomi / MiMo built with GitHub demo	MiMo-V2-Flash (Feb 2026) Xiaomi / MiMo production use product blog	MiMo-V2-Flash (Feb 2026) Xiaomi / MiMo model card docs API pricing context window	MiMo-V2-Flash (Feb 2026) Xiaomi / MiMo 真实使用 案例 项目 开源	MiMo-V2-Flash (Feb 2026) Xiaomi / MiMo GitHub README built with	MiMo-V2-Flash (Feb 2026) Xiaomi / MiMo B站 使用 案例 demo	MiMo-V2-Flash (Feb 2026) Xiaomi / MiMo 微信公众号 使用 案例 产品
P2	target_met_snapshot_refresh	Xiaomi / MiMo	xiaomi	MiMo-V2-Pro	mimo-v2-pro	Publishable	5	3	5	0	0	2	已达到 5 条目标线，下一步是补快照和 URL 健康检查。	A/B 证据必须保存快照，不能只保留 live URL。	MiMo-V2-Pro Xiaomi / MiMo case study customer	MiMo-V2-Pro Xiaomi / MiMo built with GitHub demo	MiMo-V2-Pro Xiaomi / MiMo production use product blog	MiMo-V2-Pro Xiaomi / MiMo model card docs API pricing context window	MiMo-V2-Pro Xiaomi / MiMo 真实使用 案例 项目 开源	MiMo-V2-Pro Xiaomi / MiMo GitHub README built with	MiMo-V2-Pro Xiaomi / MiMo B站 使用 案例 demo	MiMo-V2-Pro Xiaomi / MiMo 微信公众号 使用 案例 产品
P2	target_met_snapshot_refresh	Xiaomi / MiMo	xiaomi	MiMo-V2.5-Pro	mimo-v2-5-pro	Publishable	5	3	5	0	0	2	已达到 5 条目标线，下一步是补快照和 URL 健康检查。	A/B 证据必须保存快照，不能只保留 live URL。	MiMo-V2.5-Pro Xiaomi / MiMo case study customer	MiMo-V2.5-Pro Xiaomi / MiMo built with GitHub demo	MiMo-V2.5-Pro Xiaomi / MiMo production use product blog	MiMo-V2.5-Pro Xiaomi / MiMo model card docs API pricing context window	MiMo-V2.5-Pro Xiaomi / MiMo 真实使用 案例 项目 开源	MiMo-V2.5-Pro Xiaomi / MiMo GitHub README built with	MiMo-V2.5-Pro Xiaomi / MiMo B站 使用 案例 demo	MiMo-V2.5-Pro Xiaomi / MiMo 微信公众号 使用 案例 产品
P2	target_met_snapshot_refresh	Z AI / GLM	z-ai	GLM-4.5	glm-4-5	Publishable	5	3	5	0	0	2	已达到 5 条目标线，下一步是补快照和 URL 健康检查。	A/B 证据必须保存快照，不能只保留 live URL。	GLM-4.5 Z AI / GLM case study customer	GLM-4.5 Z AI / GLM built with GitHub demo	GLM-4.5 Z AI / GLM production use product blog	GLM-4.5 Z AI / GLM model card docs API pricing context window	GLM-4.5 Z AI / GLM 真实使用 案例 项目 开源	GLM-4.5 Z AI / GLM GitHub README built with	GLM-4.5 Z AI / GLM B站 使用 案例 demo	GLM-4.5 Z AI / GLM 微信公众号 使用 案例 产品
P2	target_met_snapshot_refresh	Z AI / GLM	z-ai	GLM-4.6	glm-4-6	Publishable	5	3	5	0	0	2	已达到 5 条目标线，下一步是补快照和 URL 健康检查。	A/B 证据必须保存快照，不能只保留 live URL。	GLM-4.6 Z AI / GLM case study customer	GLM-4.6 Z AI / GLM built with GitHub demo	GLM-4.6 Z AI / GLM production use product blog	GLM-4.6 Z AI / GLM model card docs API pricing context window	GLM-4.6 Z AI / GLM 真实使用 案例 项目 开源	GLM-4.6 Z AI / GLM GitHub README built with	GLM-4.6 Z AI / GLM B站 使用 案例 demo	GLM-4.6 Z AI / GLM 微信公众号 使用 案例 产品
P2	target_met_snapshot_refresh	Z AI / GLM	z-ai	GLM-4.7	glm-4-7	Publishable	5	3	5	0	0	2	已达到 5 条目标线，下一步是补快照和 URL 健康检查。	A/B 证据必须保存快照，不能只保留 live URL。	GLM-4.7 Z AI / GLM case study customer	GLM-4.7 Z AI / GLM built with GitHub demo	GLM-4.7 Z AI / GLM production use product blog	GLM-4.7 Z AI / GLM model card docs API pricing context window	GLM-4.7 Z AI / GLM 真实使用 案例 项目 开源	GLM-4.7 Z AI / GLM GitHub README built with	GLM-4.7 Z AI / GLM B站 使用 案例 demo	GLM-4.7 Z AI / GLM 微信公众号 使用 案例 产品
P3	archive_review	MBZUAI IFM / K2	mbzuai-ifm	K2 Think V2	k2-think-v2	Archive	0	3	5	3	5	2	归档或暂停状态，先确认是否仍需公开模型页。	补到至少 3 条 A 类案例：具体主体、任务、产物、原始证据 URL、artifact URL。 / 继续补齐到 5 条 A 类案例，优先覆盖不同平台和不同任务类型。 / A/B 证据必须保存快照，不能只保留 live URL。	K2 Think V2 MBZUAI IFM / K2 case study customer	K2 Think V2 MBZUAI IFM / K2 built with GitHub demo	K2 Think V2 MBZUAI IFM / K2 production use product blog	K2 Think V2 MBZUAI IFM / K2 model card docs API pricing context window	K2 Think V2 MBZUAI IFM / K2 真实使用 案例 项目 开源	K2 Think V2 MBZUAI IFM / K2 GitHub README built with	K2 Think V2 MBZUAI IFM / K2 B站 使用 案例 demo	K2 Think V2 MBZUAI IFM / K2 微信公众号 使用 案例 产品
P3	archive_review	MBZUAI IFM / K2	mbzuai-ifm	K2-V2 (high)	k2-v2-high	Archive	0	3	5	3	5	2	归档或暂停状态，先确认是否仍需公开模型页。	补到至少 3 条 A 类案例：具体主体、任务、产物、原始证据 URL、artifact URL。 / 继续补齐到 5 条 A 类案例，优先覆盖不同平台和不同任务类型。 / 确认是否应并入家族模型页，而不是单独追独立案例。 / A/B 证据必须保存快照，不能只保留 live URL。	K2-V2 (high) MBZUAI IFM / K2 case study customer	K2-V2 (high) MBZUAI IFM / K2 built with GitHub demo	K2-V2 (high) MBZUAI IFM / K2 production use product blog	K2-V2 (high) MBZUAI IFM / K2 model card docs API pricing context window	K2-V2 (high) MBZUAI IFM / K2 真实使用 案例 项目 开源	K2-V2 (high) MBZUAI IFM / K2 GitHub README built with	K2-V2 (high) MBZUAI IFM / K2 B站 使用 案例 demo	K2-V2 (high) MBZUAI IFM / K2 微信公众号 使用 案例 产品
